Ec X,Ec Y,Ev X,Ev Y,Efn X,Efn Y,Efp X,Efp Y
0,-10.032391,0,-11.15655,0,-10,0,-10
0.0011171877,-10.002219,0.0011171877,-11.126379,0.0011171877,-9.9698285,0.0011171877,-9.9698285
0.0044687502,-9.911705,0.0044687502,-11.035864,0.0044687502,-9.8793141,0.0044687502,-9.8793141
0.0055859378,-9.8815335,0.0055859378,-11.005693,0.0055859378,-9.8491426,0.0055859378,-9.8491426
0.0089375004,-9.7910191,0.0089375004,-10.915178,0.0089375004,-9.7586282,0.0089375004,-9.7586282
0.010054688,-9.7608476,0.010054688,-10.885007,0.010054688,-9.7284567,0.010054688,-9.7284567
0.01340625,-9.6703332,0.01340625,-10.794492,0.01340625,-9.6379423,0.01340625,-9.6379423
0.014523437,-9.6401617,0.014523437,-10.764321,0.014523437,-9.6077708,0.014523437,-9.6077708
0.017875001,-9.5496473,0.017875001,-10.673806,0.017875001,-9.5172564,0.017875001,-9.5172564
0.018992187,-9.5194758,0.018992187,-10.643635,0.018992187,-9.4870849,0.018992187,-9.4870849
0.022343749,-9.4289614,0.022343749,-10.553121,0.022343749,-9.3965705,0.022343749,-9.3965705
0.023460938,-9.3987899,0.023460938,-10.522949,0.023460938,-9.366399,0.023460938,-9.3663989
0.026812499,-9.3082755,0.026812499,-10.432435,0.026812499,-9.2758846,0.026812499,-9.2758843
0.027929688,-9.2781039,0.027929688,-10.402263,0.027929688,-9.2457131,0.027929688,-9.2457062
0.031281251,-9.1875892,0.031281251,-10.311748,0.031281251,-9.1551984,0.031281251,-9.1551718
0.031839844,-9.1725026,0.031839844,-10.296662,0.031839844,-9.1401121,0.031839844,-9.1400264
0.033515625,-9.1272427,0.033515625,-10.251402,0.033515625,-9.0948532,0.033515625,-9.0945904
0.033794921,-9.1196956,0.033794921,-10.243855,0.033794921,-9.0873084,0.033794921,-9.0869045
0.034632813,-9.0970541,0.034632813,-10.221213,0.034632813,-9.0646738,0.034632813,-9.0638468
0.034912109,-9.0894872,0.034912109,-10.213646,0.034912109,-9.0571193,0.034912109,-9.0558518
0.035750002,-9.0667866,0.035750002,-10.190946,0.035750002,-9.0344557,0.035750002,-9.0318668
0.035889652,-9.0629614,0.035889652,-10.187121,0.035889652,-9.0306646,0.035889652,-9.0275694
0.036308594,-9.0514854,0.036308594,-10.175645,0.036308594,-9.0192911,0.036308594,-9.0146773
0.036378417,-9.0495388,0.036378417,-10.173698,0.036378417,-9.0173848,0.036378417,-9.0123823
0.03658789,-9.0437005,0.03658789,-10.16786,0.03658789,-9.0116662,0.03658789,-9.0054974
0.036622804,-9.0427115,0.036622804,-10.166871,0.036622804,-9.0107079,0.036622804,-9.004298
0.03672754,-9.039744,0.03672754,-10.163903,0.03672754,-9.0078331,0.03672754,-9.0006997
0.036797363,-9.037741,0.036797363,-10.1619,0.036797363,-9.0059062,0.036797363,-8.9982161
0.036867186,-9.0357368,0.036867186,-10.159896,0.036867186,-9.0039793,0.036867186,-8.9957324
0.036937013,-9.0337044,0.036937013,-10.157864,0.036937013,-9.0020432,0.036937013,-8.9931754
0.037006836,-9.0316484,0.037006836,-10.155808,0.037006836,-9.0000992,0.037006836,-8.9905646
0.03707666,-9.0295686,0.03707666,-10.153728,0.03707666,-8.9981463,0.03707666,-8.9878953
0.037146483,-9.027461,0.037146483,-10.15162,0.037146483,-8.996183,0.037146483,-8.9851626
0.037216309,-9.0253217,0.037216309,-10.149481,0.037216309,-8.994208,0.037216309,-8.9823611
0.037286133,-9.0231461,0.037286133,-10.147305,0.037286133,-8.9922195,0.037286133,-8.9794848
0.037355956,-9.020929,0.037355956,-10.145088,0.037355956,-8.9902155,0.037355956,-8.9765272
0.037425783,-9.0186645,0.037425783,-10.142824,0.037425783,-8.9881938,0.037425783,-8.9734814
0.037495606,-9.016346,0.037495606,-10.140505,0.037495606,-8.9861517,0.037495606,-8.9703396
0.037565429,-9.0139661,0.037565429,-10.138125,0.037565429,-8.984086,0.037565429,-8.9670935
0.037635256,-9.0115164,0.037635256,-10.135676,0.037635256,-8.9819934,0.037635256,-8.9637341
0.037705079,-9.0089875,0.037705079,-10.133147,0.037705079,-8.9798696,0.037705079,-8.9602515
0.037774902,-9.0063689,0.037774902,-10.130528,0.037774902,-8.97771,0.037774902,-8.956635
0.037844725,-9.003649,0.037844725,-10.127808,0.037844725,-8.9755091,0.037844725,-8.9528732
0.037914552,-9.0008148,0.037914552,-10.124974,0.037914552,-8.9732606,0.037914552,-8.9489534
0.037984375,-8.9978519,0.037984375,-10.122011,0.037984375,-8.9709573,0.037984375,-8.9448623
0.038054198,-8.9947446,0.038054198,-10.118904,0.038054198,-8.9685906,0.038054198,-8.9405855
0.038124025,-8.9914756,0.038124025,-10.115635,0.038124025,-8.9661508,0.038124025,-8.9361075
0.038193848,-8.9880264,0.038193848,-10.112186,0.038193848,-8.9636268,0.038193848,-8.931412
0.038263671,-8.9843766,0.038263671,-10.108536,0.038263671,-8.9610054,0.038263671,-8.9264816
0.038333498,-8.9805047,0.038333498,-10.104664,0.038333498,-8.9582716,0.038333498,-8.921298
0.038403321,-8.9763879,0.038403321,-10.100547,0.038403321,-8.9554082,0.038403321,-8.9158419
0.038473144,-8.9720019,0.038473144,-10.096161,0.038473144,-8.9523953,0.038473144,-8.9100935
0.038542967,-8.9673218,0.038542967,-10.091481,0.038542967,-8.9492102,0.038542967,-8.9040322
0.038612794,-8.9623216,0.038612794,-10.086481,0.038612794,-8.9458272,0.038612794,-8.897637
0.038682617,-8.9569751,0.038682617,-10.081134,0.038682617,-8.942217,0.038682617,-8.8908864
0.03875244,-8.9512559,0.03875244,-10.075415,0.03875244,-8.938347,0.03875244,-8.8837589
0.038822267,-8.9451374,0.038822267,-10.069297,0.038822267,-8.9341812,0.038822267,-8.8762331
0.03889209,-8.9385941,0.03889209,-10.062753,0.03889209,-8.92968,0.03889209,-8.8682875
0.038961913,-8.9316007,0.038961913,-10.05576,0.038961913,-8.9248012,0.038961913,-8.8599011
0.039031737,-8.9241336,0.039031737,-10.048293,0.039031737,-8.9195005,0.039031737,-8.8510529
0.039101563,-8.9161701,0.039101563,-10.040329,0.039101563,-8.9137323,0.039101563,-8.8417224
0.039171387,-8.9076892,0.039171387,-10.031848,0.039171387,-8.9074514,0.039171387,-8.8318885
0.03924121,-8.8986717,0.03924121,-10.022831,0.03924121,-8.9006143,0.03924121,-8.8215292
0.039311036,-8.8891,0.039311036,-10.013259,0.039311036,-8.8931807,0.039311036,-8.8106197
0.03938086,-8.8789582,0.03938086,-10.003117,0.03938086,-8.8851152,0.03938086,-8.7991298
0.039450683,-8.8682322,0.039450683,-9.9923914,0.039450683,-8.8763877,0.039450683,-8.7870176
0.03952051,-8.8569092,0.03952051,-9.9810684,0.03952051,-8.8669745,0.03952051,-8.7742191
0.039590333,-8.8449781,0.039590333,-9.9691373,0.039590333,-8.856858,0.039590333,-8.7606256
0.039660156,-8.832429,0.039660156,-9.9565882,0.039660156,-8.8460262,0.039660156,-8.7460337
0.039729979,-8.8192532,0.039729979,-9.9434124,0.039729979,-8.8344719,0.039729979,-8.7300261
0.039799806,-8.8054429,0.039799806,-9.9296021,0.039799806,-8.8221916,0.039799806,-8.7116198
0.039869629,-8.7909912,0.039869629,-9.9151505,0.039869629,-8.8091843,0.039869629,-8.6878275
0.039939452,-8.7758921,0.039939452,-9.9000514,0.039939452,-8.7954508,0.039939452,-8.6381341
0.039999999,-8.7622706,0.039999999,-9.8864298,0.039999999,-8.7941608,0.039999999,-8.6171994
0.039999999,-8.7622706,0.039999999,-9.8864298,0.039999999,-8.7941608,0.039999999,-8.6171994
0.040009279,-8.7601876,0.040009279,-9.8843468,0.040009279,-8.7940264,0.040009279,-8.6151242
0.040079102,-8.7445433,0.040079102,-9.8687025,0.040079102,-8.7926227,0.040079102,-8.599518
0.040148925,-8.7289324,0.040148925,-9.8530917,0.040148925,-8.7902358,0.040148925,-8.5839311
0.040218748,-8.7133417,0.040218748,-9.8375009,0.040218748,-8.786371,0.040218748,-8.5683564
0.040288575,-8.6977638,0.040288575,-9.821923,0.040288575,-8.7805252,0.040288575,-8.5527902
0.040358398,-8.6821946,0.040358398,-9.8063538,0.040358398,-8.7723933,0.040358398,-8.5372304
0.040428221,-8.666632,0.040428221,-9.7907913,0.040428221,-8.7620357,0.040428221,-8.5216759
0.040498048,-8.6510748,0.040498048,-9.775234,0.040498048,-8.7498425,0.040498048,-8.506126
0.040567871,-8.6355223,0.040567871,-9.7596816,0.040567871,-8.7363336,0.040567871,-8.4905806
0.040637694,-8.6199742,0.040637694,-9.7441334,0.040637694,-8.7219743,0.040637694,-8.4750392
0.040707521,-8.6044302,0.040707521,-9.7285895,0.040707521,-8.7071027,0.040707521,-8.4595019
0.040777344,-8.5888903,0.040777344,-9.7130496,0.040777344,-8.6919358,0.040777344,-8.4439687
0.040847167,-8.5733544,0.040847167,-9.6975137,0.040847167,-8.6766037,0.040847167,-8.4284393
0.04091699,-8.5578225,0.04091699,-9.6819817,0.04091699,-8.6611812,0.04091699,-8.412914
0.040986817,-8.5422945,0.040986817,-9.6664537,0.040986817,-8.6457104,0.040986817,-8.3973926
0.04105664,-8.5267705,0.04105664,-9.6509297,0.04105664,-8.6302149,0.04105664,-8.3818751
0.041126464,-8.5112504,0.041126464,-9.6354096,0.041126464,-8.6147074,0.041126464,-8.3663616
0.04119629,-8.4957342,0.04119629,-9.6198934,0.04119629,-8.5991953,0.04119629,-8.350852
0.041266114,-8.480222,0.041266114,-9.6043812,0.041266114,-8.5836823,0.041266114,-8.3353463
0.041335937,-8.4647137,0.041335937,-9.5888729,0.041335937,-8.5681706,0.041335937,-8.3198446
0.041405763,-8.4492094,0.041405763,-9.5733686,0.041405763,-8.5526614,0.041405763,-8.3043468
0.041475587,-8.4337089,0.041475587,-9.5578682,0.041475587,-8.5371554,0.041475587,-8.288853
0.04154541,-8.4182125,0.04154541,-9.5423717,0.04154541,-8.5216529,0.04154541,-8.2733631
0.041615233,-8.4027199,0.041615233,-9.5268792,0.041615233,-8.5061541,0.041615233,-8.2578772
0.04168506,-8.3872314,0.04168506,-9.5113906,0.04168506,-8.4906591,0.04168506,-8.2423952
0.041754883,-8.3717467,0.041754883,-9.4959059,0.041754883,-8.475168,0.041754883,-8.2269171
0.041824706,-8.356266,0.041824706,-9.4804252,0.041824706,-8.4596807,0.041824706,-8.211443
0.041894533,-8.3407892,0.041894533,-9.4649485,0.041894533,-8.4441974,0.041894533,-8.1959728
0.041964356,-8.3253164,0.041964356,-9.4494757,0.041964356,-8.428718,0.041964356,-8.1805066
0.042034179,-8.3098476,0.042034179,-9.4340068,0.042034179,-8.4132426,0.042034179,-8.1650444
0.042104002,-8.2943826,0.042104002,-9.4185419,0.042104002,-8.3977711,0.042104002,-8.1495861
0.042173829,-8.2789217,0.042173829,-9.4030809,0.042173829,-8.3823035,0.042173829,-8.1341317
0.042243652,-8.2634646,0.042243652,-9.3876239,0.042243652,-8.3668399,0.042243652,-8.1186813
0.042313475,-8.2480116,0.042313475,-9.3721708,0.042313475,-8.3513802,0.042313475,-8.1032348
0.042383302,-8.2325624,0.042383302,-9.3567217,0.042383302,-8.3359245,0.042383302,-8.0877923
0.042453125,-8.2171173,0.042453125,-9.3412765,0.042453125,-8.3204727,0.042453125,-8.0723538
0.042522948,-8.2016761,0.042522948,-9.3258353,0.042522948,-8.3050249,0.042522948,-8.0569192
0.042592775,-8.1862388,0.042592775,-9.310398,0.042592775,-8.289581,0.042592775,-8.0414886
0.042662598,-8.1708055,0.042662598,-9.2949647,0.042662598,-8.2741411,0.042662598,-8.0260619
0.042732421,-8.1553761,0.042732421,-9.2795354,0.042732421,-8.2587051,0.042732421,-8.0106392
0.042802244,-8.1399508,0.042802244,-9.26411,0.042802244,-8.2432731,0.042802244,-7.9952204
0.042872071,-8.1245293,0.042872071,-9.2486885,0.042872071,-8.227845,0.042872071,-7.9798057
0.042941894,-8.1091118,0.042941894,-9.2332711,0.042941894,-8.2124209,0.042941894,-7.9643948
0.043011717,-8.0936983,0.043011717,-9.2178576,0.043011717,-8.1970008,0.043011717,-7.948988
0.043081544,-8.0782888,0.043081544,-9.202448,0.043081544,-8.1815846,0.043081544,-7.9335851
0.043151367,-8.0628832,0.043151367,-9.1870424,0.043151367,-8.1661724,0.043151367,-7.9181861
0.043221191,-8.0474816,0.043221191,-9.1716408,0.043221191,-8.1507641,0.043221191,-7.9027912
0.043291017,-8.0320839,0.043291017,-9.1562431,0.043291017,-8.1353598,0.043291017,-7.8874002
0.043360841,-8.0166902,0.043360841,-9.1408494,0.043360841,-8.1199594,0.043360841,-7.8720131
0.043430664,-8.0013005,0.043430664,-9.1254597,0.043430664,-8.104563,0.043430664,-7.8566301
0.043500487,-7.9859147,0.043500487,-9.1100739,0.043500487,-8.0891706,0.043500487,-7.841251
0.043570314,-7.9705329,0.043570314,-9.0946921,0.043570314,-8.0737822,0.043570314,-7.8258759
0.043640137,-7.9551551,0.043640137,-9.0793143,0.043640137,-8.0583977,0.043640137,-7.8105047
0.04370996,-7.9397812,0.04370996,-9.0639404,0.04370996,-8.0430171,0.04370996,-7.7951376
0.043779787,-7.9244113,0.043779787,-9.0485706,0.043779787,-8.0276406,0.043779787,-7.7797744
0.04384961,-7.9090454,0.04384961,-9.0332046,0.04384961,-8.012268,0.04384961,-7.7644152
0.043919433,-7.8936835,0.043919433,-9.0178427,0.043919433,-7.9968994,0.043919433,-7.7490599
0.043989256,-7.8783255,0.043989256,-9.0024847,0.043989256,-7.9815347,0.043989256,-7.7337087
0.044059083,-7.8629715,0.044059083,-8.9871308,0.044059083,-7.9661741,0.044059083,-7.7183614
0.044128906,-7.8476215,0.044128906,-8.9717807,0.044128906,-7.9508174,0.044128906,-7.7030181
0.044198729,-7.8322755,0.044198729,-8.9564347,0.044198729,-7.9354646,0.044198729,-7.6876787
0.044268556,-7.8169334,0.044268556,-8.9410927,0.044268556,-7.9201159,0.044268556,-7.6723434
0.044338379,-7.8015954,0.044338379,-8.9257546,0.044338379,-7.9047711,0.044338379,-7.657012
0.044408202,-7.7862613,0.044408202,-8.9104205,0.044408202,-7.8894303,0.044408202,-7.6416847
0.044478029,-7.7709311,0.044478029,-8.8950904,0.044478029,-7.8740935,0.044478029,-7.6263613
0.044547852,-7.755605,0.044547852,-8.8797643,0.044547852,-7.8587607,0.044547852,-7.6110419
0.044617675,-7.7402829,0.044617675,-8.8644421,0.044617675,-7.8434318,0.044617675,-7.5957265
0.044687498,-7.7249647,0.044687498,-8.8491239,0.044687498,-7.8281069,0.044687498,-7.5804151
0.044757325,-7.7096505,0.044757325,-8.8338098,0.044757325,-7.812786,0.044757325,-7.5651076
0.044827148,-7.6943404,0.044827148,-8.8184996,0.044827148,-7.7974691,0.044827148,-7.5498042
0.044896971,-7.6790342,0.044896971,-8.8031934,0.044896971,-7.7821562,0.044896971,-7.5345047
0.044966798,-7.6637319,0.044966798,-8.7878912,0.044966798,-7.7668472,0.044966798,-7.5192093
0.045036621,-7.6484337,0.045036621,-8.772593,0.045036621,-7.7515423,0.045036621,-7.5039178
0.045106445,-7.6331395,0.045106445,-8.7572987,0.045106445,-7.7362413,0.045106445,-7.4886303
0.045176271,-7.6178493,0.045176271,-8.7420085,0.045176271,-7.7209443,0.045176271,-7.4733468
0.045246094,-7.602563,0.045246094,-8.7267222,0.045246094,-7.7056514,0.045246094,-7.4580674
0.045315918,-7.5872808,0.045315918,-8.71144,0.045315918,-7.6903624,0.045315918,-7.4427919
0.045385741,-7.5720025,0.045385741,-8.6961617,0.045385741,-7.6750774,0.045385741,-7.4275204
0.045455568,-7.5567283,0.045455568,-8.6808875,0.045455568,-7.6597963,0.045455568,-7.4122529
0.045525391,-7.541458,0.045525391,-8.6656172,0.045525391,-7.6445193,0.045525391,-7.3969894
0.045595214,-7.5261917,0.045595214,-8.650351,0.045595214,-7.6292463,0.045595214,-7.38173
0.045665041,-7.5109295,0.045665041,-8.6350887,0.045665041,-7.6139773,0.045665041,-7.3664745
0.045734864,-7.4956712,0.045734864,-8.6198304,0.045734864,-7.5987122,0.045734864,-7.351223
0.045804687,-7.4804169,0.045804687,-8.6045762,0.045804687,-7.5834512,0.045804687,-7.3359755
0.04587451,-7.4651667,0.04587451,-8.5893259,0.04587451,-7.5681942,0.04587451,-7.3207321
0.045944337,-7.4499204,0.045944337,-8.5740797,0.045944337,-7.5529411,0.045944337,-7.3054926
0.04601416,-7.4346782,0.04601416,-8.5588374,0.04601416,-7.5376921,0.04601416,-7.2902572
0.046083983,-7.4194399,0.046083983,-8.5435992,0.046083983,-7.5224471,0.046083983,-7.2750257
0.04615381,-7.4042057,0.04615381,-8.5283649,0.04615381,-7.507206,0.04615381,-7.2597983
0.046223633,-7.3889755,0.046223633,-8.5131347,0.046223633,-7.491969,0.046223633,-7.2445749
0.046293456,-7.3737493,0.046293456,-8.4979085,0.046293456,-7.476736,0.046293456,-7.2293555
0.046363283,-7.3585271,0.046363283,-8.4826863,0.046363283,-7.461507,0.046363283,-7.2141401
0.046433106,-7.3433089,0.046433106,-8.4674681,0.046433106,-7.446282,0.046433106,-7.1989287
0.046502929,-7.3280947,0.046502929,-8.4522539,0.046502929,-7.431061,0.046502929,-7.1837214
0.046572752,-7.3128845,0.046572752,-8.4370437,0.046572752,-7.415844,0.046572752,-7.168518
0.046642579,-7.2976783,0.046642579,-8.4218376,0.046642579,-7.400631,0.046642579,-7.1533187
0.046712402,-7.2824762,0.046712402,-8.4066354,0.046712402,-7.3854221,0.046712402,-7.1381234
0.046782225,-7.2672781,0.046782225,-8.3914373,0.046782225,-7.3702171,0.046782225,-7.1229321
0.046852052,-7.252084,0.046852052,-8.3762432,0.046852052,-7.3550162,0.046852052,-7.1077449
0.046921875,-7.2368939,0.046921875,-8.3610531,0.046921875,-7.3398193,0.046921875,-7.0925616
0.046991698,-7.2217078,0.046991698,-8.345867,0.046991698,-7.3246264,0.046991698,-7.0773824
0.047061525,-7.2065257,0.047061525,-8.330685,0.047061525,-7.3094375,0.047061525,-7.0622072
0.047131348,-7.1913477,0.047131348,-8.3155069,0.047131348,-7.2942526,0.047131348,-7.0470361
0.047201172,-7.1761737,0.047201172,-8.3003329,0.047201172,-7.2790717,0.047201172,-7.0318689
0.047270995,-7.1610037,0.047270995,-8.285163,0.047270995,-7.2638949,0.047270995,-7.0167058
0.047340821,-7.1458378,0.047340821,-8.269997,0.047340821,-7.2487221,0.047340821,-7.0015467
0.047410645,-7.1306758,0.047410645,-8.2548351,0.047410645,-7.2335533,0.047410645,-6.9863917
0.047480468,-7.1155179,0.047480468,-8.2396772,0.047480468,-7.2183886,0.047480468,-6.9712406
0.047550295,-7.1003641,0.047550295,-8.2245233,0.047550295,-7.2032278,0.047550295,-6.9560936
0.047620118,-7.0852142,0.047620118,-8.2093734,0.047620118,-7.1880711,0.047620118,-6.9409507
0.047689941,-7.0700684,0.047689941,-8.1942276,0.047689941,-7.1729184,0.047689941,-6.9258118
0.047759764,-7.0549266,0.047759764,-8.1790858,0.047759764,-7.1577698,0.047759764,-6.9106769
0.047829591,-7.0397889,0.047829591,-8.1639481,0.047829591,-7.1426251,0.047829591,-6.895546
0.047899414,-7.0246551,0.047899414,-8.1488144,0.047899414,-7.1274845,0.047899414,-6.8804192
0.047969237,-7.0095255,0.047969237,-8.1336847,0.047969237,-7.112348,0.047969237,-6.8652964
0.048039064,-6.9943998,0.048039064,-8.118559,0.048039064,-7.0972154,0.048039064,-6.8501777
0.048108887,-6.9792782,0.048108887,-8.1034374,0.048108887,-7.0820869,0.048108887,-6.835063
0.04817871,-6.9641606,0.04817871,-8.0883198,0.04817871,-7.0669624,0.04817871,-6.8199523
0.048248537,-6.9490471,0.048248537,-8.0732063,0.048248537,-7.051842,0.048248537,-6.8048457
0.04831836,-6.9339376,0.04831836,-8.0580968,0.04831836,-7.0367256,0.04831836,-6.7897431
0.048388183,-6.9188321,0.048388183,-8.0429914,0.048388183,-7.0216132,0.048388183,-6.7746446
0.048458006,-6.9037307,0.048458006,-8.0278899,0.048458006,-7.0065049,0.048458006,-6.7595501
0.048527833,-6.8886333,0.048527833,-8.0127926,0.048527833,-6.9914006,0.048527833,-6.7444597
0.048597656,-6.87354,0.048597656,-7.9976992,0.048597656,-6.9763004,0.048597656,-6.7293733
0.048667479,-6.8584507,0.048667479,-7.98261,0.048667479,-6.9612042,0.048667479,-6.7142909
0.048737306,-6.8433655,0.048737306,-7.9675247,0.048737306,-6.946112,0.048737306,-6.6992127
0.048807129,-6.8282843,0.048807129,-7.9524435,0.048807129,-6.9310239,0.048807129,-6.6841384
0.048876952,-6.8132072,0.048876952,-7.9373664,0.048876952,-6.9159398,0.048876952,-6.6690682
0.048946775,-6.7981341,0.048946775,-7.9222933,0.048946775,-6.9008598,0.048946775,-6.6540021
0.049016602,-6.783065,0.049016602,-7.9072243,0.049016602,-6.8857838,0.049016602,-6.63894
0.049086425,-6.7680001,0.049086425,-7.8921593,0.049086425,-6.8707119,0.049086425,-6.623882
0.049156249,-6.7529391,0.049156249,-7.8770984,0.049156249,-6.855644,0.049156249,-6.608828
0.049226075,-6.7378822,0.049226075,-7.8620415,0.049226075,-6.8405802,0.049226075,-6.5937781
0.049295899,-6.7228294,0.049295899,-7.8469887,0.049295899,-6.8255204,0.049295899,-6.5787323
0.049365722,-6.7077807,0.049365722,-7.8319399,0.049365722,-6.8104647,0.049365722,-6.5636905
0.049435548,-6.6927359,0.049435548,-7.8168952,0.049435548,-6.795413,0.049435548,-6.5486528
0.049505372,-6.6776953,0.049505372,-7.8018545,0.049505372,-6.7803654,0.049505372,-6.5336191
0.049575195,-6.6626587,0.049575195,-7.7868179,0.049575195,-6.7653218,0.049575195,-6.5185895
0.049645018,-6.6476262,0.049645018,-7.7717854,0.049645018,-6.7502823,0.049645018,-6.503564
0.049714845,-6.6325977,0.049714845,-7.7567569,0.049714845,-6.7352469,0.049714845,-6.4885425
0.049784668,-6.6175733,0.049784668,-7.7417325,0.049784668,-6.7202155,0.049784668,-6.4735251
0.049854491,-6.6025529,0.049854491,-7.7267122,0.049854491,-6.7051881,0.049854491,-6.4585117
0.049924318,-6.5875367,0.049924318,-7.7116959,0.049924318,-6.6901649,0.049924318,-6.4435025
0.049994141,-6.5725244,0.049994141,-7.6966837,0.049994141,-6.6751457,0.049994141,-6.4284973
0.050063964,-6.5575163,0.050063964,-7.6816755,0.050063964,-6.6601305,0.050063964,-6.4134961
0.050133791,-6.5425122,0.050133791,-7.6666715,0.050133791,-6.6451194,0.050133791,-6.3984991
0.050203614,-6.5275122,0.050203614,-7.6516714,0.050203614,-6.6301124,0.050203614,-6.3835061
0.050273437,-6.5125163,0.050273437,-7.6366755,0.050273437,-6.6151095,0.050273437,-6.3685172
0.05034326,-6.4975244,0.05034326,-7.6216836,0.05034326,-6.6001106,0.05034326,-6.3535324
0.050413087,-6.4825366,0.050413087,-7.6066958,0.050413087,-6.5851158,0.050413087,-6.3385516
0.05048291,-6.4675529,0.05048291,-7.5917121,0.05048291,-6.5701251,0.05048291,-6.3235749
0.050552733,-6.4525732,0.050552733,-7.5767325,0.050552733,-6.5551384,0.050552733,-6.3086023
0.05062256,-6.4375977,0.05062256,-7.5617569,0.05062256,-6.5401558,0.05062256,-6.2936338
0.050692383,-6.4226262,0.050692383,-7.5467854,0.050692383,-6.5251773,0.050692383,-6.2786694
0.050762206,-6.4076588,0.050762206,-7.531818,0.050762206,-6.5102028,0.050762206,-6.263709
0.050832029,-6.3926954,0.050832029,-7.5168547,0.050832029,-6.4952324,0.050832029,-6.2487527
0.050901856,-6.3777362,0.050901856,-7.5018954,0.050901856,-6.4802661,0.050901856,-6.2338005
0.050971679,-6.362781,0.050971679,-7.4869402,0.050971679,-6.4653039,0.050971679,-6.2188524
0.051041503,-6.3478299,0.051041503,-7.4719891,0.051041503,-6.4503458,0.051041503,-6.2039084
0.051111329,-6.3328829,0.051111329,-7.4570421,0.051111329,-6.4353917,0.051111329,-6.1889685
0.051181152,-6.31794,0.051181152,-7.4420992,0.051181152,-6.4204417,0.051181152,-6.1740326
0.051250976,-6.3030012,0.051250976,-7.4271604,0.051250976,-6.4054958,0.051250976,-6.1591009
0.051320802,-6.2880664,0.051320802,-7.4122256,0.051320802,-6.390554,0.051320802,-6.1441732
0.051390626,-6.2731357,0.051390626,-7.397295,0.051390626,-6.3756163,0.051390626,-6.1292496
0.051460449,-6.2582092,0.051460449,-7.3823684,0.051460449,-6.3606827,0.051460449,-6.1143302
0.051530272,-6.2432867,0.051530272,-7.3674459,0.051530272,-6.3457531,0.051530272,-6.0994148
0.051600099,-6.2283683,0.051600099,-7.3525275,0.051600099,-6.3308276,0.051600099,-6.0845035
0.051669922,-6.213454,0.051669922,-7.3376132,0.051669922,-6.3159062,0.051669922,-6.0695963
0.051739745,-6.1985438,0.051739745,-7.322703,0.051739745,-6.300989,0.051739745,-6.0546932
0.051809572,-6.1836377,0.051809572,-7.3077969,0.051809572,-6.2860758,0.051809572,-6.0397942
0.051879395,-6.1687357,0.051879395,-7.2928949,0.051879395,-6.2711666,0.051879395,-6.0248993
0.051949218,-6.1538378,0.051949218,-7.277997,0.051949218,-6.2562616,0.051949218,-6.0100085
0.052019045,-6.138944,0.052019045,-7.2631032,0.052019045,-6.2413607,0.052019045,-5.9951218
0.052088868,-6.1240542,0.052088868,-7.2482135,0.052088868,-6.2264639,0.052088868,-5.9802393
0.052158691,-6.1091686,0.052158691,-7.2333278,0.052158691,-6.2115712,0.052158691,-5.9653608
0.052228514,-6.0942871,0.052228514,-7.2184463,0.052228514,-6.1966825,0.052228514,-5.9504864
0.052298341,-6.0794097,0.052298341,-7.2035689,0.052298341,-6.181798,0.052298341,-5.9356161
0.052368164,-6.0645364,0.052368164,-7.1886956,0.052368164,-6.1669176,0.052368164,-5.92075
0.052437987,-6.0496672,0.052437987,-7.1738264,0.052437987,-6.1520412,0.052437987,-5.9058879
0.052507814,-6.0348021,0.052507814,-7.1589613,0.052507814,-6.137169,0.052507814,-5.89103
0.052577637,-6.0199411,0.052577637,-7.1441003,0.052577637,-6.1223009,0.052577637,-5.8761761
0.05264746,-6.0050842,0.05264746,-7.1292434,0.05264746,-6.1074369,0.05264746,-5.8613264
0.052717283,-5.9902314,0.052717283,-7.1143907,0.052717283,-6.0925769,0.052717283,-5.8464808
0.05278711,-5.9753828,0.05278711,-7.099542,0.05278711,-6.0777211,0.05278711,-5.8316393
0.052856933,-5.9605382,0.052856933,-7.0846975,0.052856933,-6.0628694,0.052856933,-5.8168019
0.052926756,-5.9456978,0.052926756,-7.069857,0.052926756,-6.0480218,0.052926756,-5.8019687
0.052996583,-5.9308615,0.052996583,-7.0550207,0.052996583,-6.0331784,0.052996583,-5.7871395
0.053066406,-5.9160293,0.053066406,-7.0401885,0.053066406,-6.018339,0.053066406,-5.7723145
0.05313623,-5.9012012,0.05313623,-7.0253604,0.05313623,-6.0035037,0.05313623,-5.7574936
0.053206056,-5.8863772,0.053206056,-7.0105364,0.053206056,-5.9886726,0.053206056,-5.7426768
0.053275879,-5.8715574,0.053275879,-6.9957166,0.053275879,-5.9738456,0.053275879,-5.7278642
0.053345703,-5.8567416,0.053345703,-6.9809009,0.053345703,-5.9590226,0.053345703,-5.7130557
0.053415526,-5.84193,0.053415526,-6.9660892,0.053415526,-5.9442039,0.053415526,-5.6982512
0.053485353,-5.8271225,0.053485353,-6.9512817,0.053485353,-5.9293892,0.053485353,-5.683451
0.053555176,-5.8123191,0.053555176,-6.9364784,0.053555176,-5.9145786,0.053555176,-5.6686548
0.053624999,-5.7975199,0.053624999,-6.9216791,0.053624999,-5.8997722,0.053624999,-5.6538628
0.053694826,-5.7827248,0.053694826,-6.906884,0.053694826,-5.8849699,0.053694826,-5.6390749
0.053764649,-5.7679338,0.053764649,-6.892093,0.053764649,-5.8701717,0.053764649,-5.6242911
0.053834472,-5.7531469,0.053834472,-6.8773062,0.053834472,-5.8553776,0.053834472,-5.6095115
0.053904299,-5.7383642,0.053904299,-6.8625234,0.053904299,-5.8405877,0.053904299,-5.594736
0.053974122,-5.7235856,0.053974122,-6.8477448,0.053974122,-5.8258018,0.053974122,-5.5799646
0.054043945,-5.7088111,0.054043945,-6.8329704,0.054043945,-5.8110201,0.054043945,-5.5651974
0.054113768,-5.6940408,0.054113768,-6.8182,0.054113768,-5.7962426,0.054113768,-5.5504343
0.054183595,-5.6792746,0.054183595,-6.8034338,0.054183595,-5.7814691,0.054183595,-5.5356753
0.054253418,-5.6645125,0.054253418,-6.7886717,0.054253418,-5.7666998,0.054253418,-5.5209205
0.054323241,-5.6497546,0.054323241,-6.7739138,0.054323241,-5.7519347,0.054323241,-5.5061698
0.054393068,-5.6350008,0.054393068,-6.75916,0.054393068,-5.7371736,0.054393068,-5.4914233
0.054462891,-5.6202511,0.054462891,-6.7444103,0.054462891,-5.7224167,0.054462891,-5.4766809
0.054532714,-5.6055056,0.054532714,-6.7296648,0.054532714,-5.707664,0.054532714,-5.4619427
0.054602537,-5.5907642,0.054602537,-6.7149234,0.054602537,-5.6929153,0.054602537,-5.4472086
0.054672364,-5.576027,0.054672364,-6.7001862,0.054672364,-5.6781708,0.054672364,-5.4324786
0.054742187,-5.5612939,0.054742187,-6.6854531,0.054742187,-5.6634305,0.054742187,-5.4177528
0.05481201,-5.5465649,0.05481201,-6.6707242,0.05481201,-5.6486943,0.05481201,-5.4030311
0.054881837,-5.5318401,0.054881837,-6.6559994,0.054881837,-5.6339622,0.054881837,-5.3883136
0.05495166,-5.5171195,0.05495166,-6.6412787,0.05495166,-5.6192343,0.05495166,-5.3736002
0.055021483,-5.502403,0.055021483,-6.6265622,0.055021483,-5.6045105,0.055021483,-5.358891
0.05509131,-5.4876906,0.05509131,-6.6118498,0.05509131,-5.5897908,0.05509131,-5.344186
0.055161133,-5.4729824,0.055161133,-6.5971416,0.055161133,-5.5750753,0.055161133,-5.3294851
0.055230957,-5.4582783,0.055230957,-6.5824376,0.055230957,-5.560364,0.055230957,-5.3147883
0.05530078,-5.4435784,0.05530078,-6.5677376,0.05530078,-5.5456568,0.05530078,-5.3000957
0.055370606,-5.4288827,0.055370606,-6.5530419,0.055370606,-5.5309537,0.055370606,-5.2854073
0.05544043,-5.4141911,0.05544043,-6.5383503,0.05544043,-5.5162548,0.05544043,-5.270723
0.055510253,-5.3995036,0.055510253,-6.5236628,0.055510253,-5.5015601,0.055510253,-5.2560429
0.05558008,-5.3848203,0.05558008,-6.5089795,0.05558008,-5.4868695,0.05558008,-5.2413669
0.055649903,-5.3701412,0.055649903,-6.4943004,0.055649903,-5.472183,0.055649903,-5.2266951
0.055719726,-5.3554662,0.055719726,-6.4796254,0.055719726,-5.4575008,0.055719726,-5.2120275
0.055789553,-5.3407954,0.055789553,-6.4649546,0.055789553,-5.4428226,0.055789553,-5.197364
0.055859376,-5.3261288,0.055859376,-6.450288,0.055859376,-5.4281486,0.055859376,-5.1827047
0.055929199,-5.3114663,0.055929199,-6.4356255,0.055929199,-5.4134788,0.055929199,-5.1680496
0.055999022,-5.2968079,0.055999022,-6.4209672,0.055999022,-5.3988132,0.055999022,-5.1533986
0.056068849,-5.2821538,0.056068849,-6.406313,0.056068849,-5.3841517,0.056068849,-5.1387518
0.056138672,-5.2675038,0.056138672,-6.391663,0.056138672,-5.3694943,0.056138672,-5.1241092
0.056208495,-5.252858,0.056208495,-6.3770172,0.056208495,-5.3548412,0.056208495,-5.1094708
0.056278322,-5.2382163,0.056278322,-6.3623756,0.056278322,-5.3401922,0.056278322,-5.0948365
0.056348145,-5.2235788,0.056348145,-6.3477381,0.056348145,-5.3255473,0.056348145,-5.0802064
0.056417968,-5.2089455,0.056417968,-6.3331048,0.056417968,-5.3109067,0.056417968,-5.0655804
0.056487791,-5.1943164,0.056487791,-6.3184756,0.056487791,-5.2962702,0.056487791,-5.0509587
0.056557618,-5.1796914,0.056557618,-6.3038506,0.056557618,-5.2816378,0.056557618,-5.0363411
0.056627441,-5.1650706,0.056627441,-6.2892299,0.056627441,-5.2670097,0.056627441,-5.0217277
0.056697264,-5.150454,0.056697264,-6.2746132,0.056697264,-5.2523857,0.056697264,-5.0071185
0.056767091,-5.1358416,0.056767091,-6.2600008,0.056767091,-5.2377658,0.056767091,-4.9925135
0.056836914,-5.1212333,0.056836914,-6.2453925,0.056836914,-5.2231502,0.056836914,-4.9779126
0.056906737,-5.1066292,0.056906737,-6.2307885,0.056906737,-5.2085387,0.056906737,-4.9633159
0.056976564,-5.0920293,0.056976564,-6.2161886,0.056976564,-5.1939314,0.056976564,-4.9487235
0.057046387,-5.0774336,0.057046387,-6.2015928,0.057046387,-5.1793283,0.057046387,-4.9341352
0.05711621,-5.0628421,0.05711621,-6.1870013,0.05711621,-5.1647294,0.05711621,-4.919551
0.057186034,-5.0482547,0.057186034,-6.1724139,0.057186034,-5.1501346,0.057186034,-4.9049711
0.05725586,-5.0336715,0.05725586,-6.1578308,0.05725586,-5.1355441,0.05725586,-4.8903954
0.057325684,-5.0190926,0.057325684,-6.1432518,0.057325684,-5.1209577,0.057325684,-4.8758238
0.057395507,-5.0045178,0.057395507,-6.128677,0.057395507,-5.1063754,0.057395507,-4.8612565
0.057465333,-4.9899472,0.057465333,-6.1141064,0.057465333,-5.0917974,0.057465333,-4.8466933
0.057535157,-4.9753808,0.057535157,-6.09954,0.057535157,-5.0772236,0.057535157,-4.8321344
0.05760498,-4.9608185,0.05760498,-6.0849778,0.05760498,-5.0626539,0.05760498,-4.8175796
0.057674803,-4.9462605,0.057674803,-6.0704197,0.057674803,-5.0480885,0.057674803,-4.803029
0.05774463,-4.9317067,0.05774463,-6.0558659,0.05774463,-5.0335272,0.05774463,-4.7884827
0.057814453,-4.917157,0.057814453,-6.0413163,0.057814453,-5.0189701,0.057814453,-4.7739405
0.057884276,-4.9026116,0.057884276,-6.0267708,0.057884276,-5.0044172,0.057884276,-4.7594025
0.057954103,-4.8880703,0.057954103,-6.0122296,0.057954103,-4.9898685,0.057954103,-4.7448688
0.058023926,-4.8735333,0.058023926,-5.9976925,0.058023926,-4.975324,0.058023926,-4.7303392
0.058093749,-4.8590004,0.058093749,-5.9831597,0.058093749,-4.9607837,0.058093749,-4.7158138
0.058163576,-4.8444718,0.058163576,-5.968631,0.058163576,-4.9462476,0.058163576,-4.7012927
0.058233399,-4.8299474,0.058233399,-5.9541066,0.058233399,-4.9317157,0.058233399,-4.6867758
0.058303222,-4.8154271,0.058303222,-5.9395863,0.058303222,-4.917188,0.058303222,-4.6722631
0.058373045,-4.8009111,0.058373045,-5.9250703,0.058373045,-4.9026645,0.058373045,-4.6577547
0.058442872,-4.7863993,0.058442872,-5.9105585,0.058442872,-4.8881451,0.058442872,-4.6432507
0.058512695,-4.7718916,0.058512695,-5.8960509,0.058512695,-4.87363,0.058512695,-4.628751
0.058582518,-4.7573882,0.058582518,-5.8815474,0.058582518,-4.8591191,0.058582518,-4.6142558
0.058652345,-4.742889,0.058652345,-5.8670482,0.058652345,-4.8446124,0.058652345,-4.5997654
0.058722168,-4.728394,0.058722168,-5.8525532,0.058722168,-4.8301099,0.058722168,-4.5852802
0.058791991,-4.7139032,0.058791991,-5.8380625,0.058791991,-4.8156116,0.058791991,-4.5708009
0.058861818,-4.6994167,0.058861818,-5.8235759,0.058861818,-4.8011176,0.058861818,-4.5563289
0.058931641,-4.6849343,0.058931641,-5.8090935,0.058931641,-4.7866277,0.058931641,-4.5418662
0.059001464,-4.6704562,0.059001464,-5.7946154,0.059001464,-4.7721421,0.059001464,-4.5274169
0.059071288,-4.6559823,0.059071288,-5.7801415,0.059071288,-4.7576606,0.059071288,-4.5129877
0.059141114,-4.6415125,0.059141114,-5.7656718,0.059141114,-4.7431834,0.059141114,-4.4985904
0.059210937,-4.6270471,0.059210937,-5.7512063,0.059210937,-4.7287104,0.059210937,-4.4842456
0.059280761,-4.6125858,0.059280761,-5.736745,0.059280761,-4.7142416,0.059280761,-4.4699885
0.059350587,-4.5981288,0.059350587,-5.722288,0.059350587,-4.699777,0.059350587,-4.4558792
0.059420411,-4.5836759,0.059420411,-5.7078352,0.059420411,-4.6853166,0.059420411,-4.4420181
0.059490234,-4.5692274,0.059490234,-5.6933866,0.059490234,-4.6708605,0.059490234,-4.4285675
0.059560057,-4.554783,0.059560057,-5.6789422,0.059560057,-4.6564086,0.059560057,-4.4157752
0.059629884,-4.5403428,0.059629884,-5.6645021,0.059629884,-4.6419609,0.059629884,-4.4039867
0.059699707,-4.5259069,0.059699707,-5.6500662,0.059699707,-4.6275174,0.059699707,-4.3936138
0.05976953,-4.5114752,0.05976953,-5.6356345,0.05976953,-4.6130781,0.05976953,-4.3850326
0.059839357,-4.4970478,0.059839357,-5.621207,0.059839357,-4.5986431,0.059839357,-4.378434
0.05990918,-4.4826246,0.05990918,-5.6067838,0.05990918,-4.5842123,0.05990918,-4.373728
0.059979003,-4.4682056,0.059979003,-5.5923648,0.059979003,-4.5697858,0.059979003,-4.3705904
0.059999999,-4.4638706,0.059999999,-5.5880299,0.059999999,-4.5622302,0.059999999,-4.369368
0.059999999,-4.4638706,0.059999999,-5.5880299,0.059999999,-4.5622302,0.059999999,-4.369368
0.06004883,-4.4538174,0.06004883,-5.5779766,0.06004883,-4.5137531,0.06004883,-4.3594601
0.060118653,-4.4395233,0.060118653,-5.5636826,0.060118653,-4.4857741,0.060118653,-4.3453894
0.060188476,-4.4253407,0.060188476,-5.5494999,0.060188476,-4.4660257,0.060188476,-4.3314428
0.060258299,-4.4112781,0.060258299,-5.5354373,0.060258299,-4.4491321,0.060258299,-4.3176252
0.060328126,-4.3973407,0.060328126,-5.5214999,0.060328126,-4.433589,0.060328126,-4.3039396
0.060397949,-4.3835317,0.060397949,-5.5076909,0.060397949,-4.4187897,0.060397949,-4.290388
0.060467772,-4.3698532,0.060467772,-5.4940124,0.060467772,-4.4044476,0.060467772,-4.2769718
0.060537599,-4.3563066,0.060537599,-5.4804658,0.060537599,-4.390416,0.060537599,-4.2636922
0.060607422,-4.342893,0.060607422,-5.4670522,0.060607422,-4.3766164,0.060607422,-4.25055
0.060677245,-4.3296132,0.060677245,-5.4537724,0.060677245,-4.3630055,0.060677245,-4.2375463
0.060747072,-4.316468,0.060747072,-5.4406273,0.060747072,-4.3495592,0.060747072,-4.2246818
0.060816895,-4.3034581,0.060816895,-5.4276174,0.060816895,-4.3362642,0.060816895,-4.2119572
0.060886718,-4.2905842,0.060886718,-5.4147435,0.060886718,-4.3231128,0.060886718,-4.1993735
0.060956541,-4.2778469,0.060956541,-5.4020061,0.060956541,-4.3101009,0.060956541,-4.1869313
0.061026368,-4.2652468,0.061026368,-5.3894061,0.061026368,-4.2972264,0.061026368,-4.1746315
0.061096191,-4.2527847,0.061096191,-5.3769439,0.061096191,-4.2844883,0.061096191,-4.1624749
0.061166015,-4.2404612,0.061166015,-5.3646204,0.061166015,-4.271886,0.061166015,-4.1504625
0.061235841,-4.2282769,0.061235841,-5.3524361,0.061235841,-4.2594197,0.061235841,-4.1385949
0.061305664,-4.2162326,0.061305664,-5.3403919,0.061305664,-4.2470896,0.061305664,-4.126873
0.061375488,-4.2043291,0.061375488,-5.3284883,0.061375488,-4.2348961,0.061375488,-4.1152976
0.061445311,-4.1925669,0.061445311,-5.3167261,0.061445311,-4.2228396,0.061445311,-4.1038696
0.061515138,-4.1809469,0.061515138,-5.3051062,0.061515138,-4.2109206,0.061515138,-4.0925894
0.061584961,-4.16947,0.061584961,-5.2936292,0.061584961,-4.1991399,0.061584961,-4.0814577
0.061654784,-4.1581367,0.061654784,-5.282296,0.061654784,-4.1874979,0.061654784,-4.0704748
0.061724611,-4.1469481,0.061724611,-5.2711073,0.061724611,-4.1759953,0.061724611,-4.0596405
0.061794434,-4.1359049,0.061794434,-5.2600641,0.061794434,-4.1646327,0.061794434,-4.0489542
0.061864257,-4.125008,0.061864257,-5.2491672,0.061864257,-4.1534109,0.061864257,-4.0384145
0.061934084,-4.1142583,0.061934084,-5.2384175,0.061934084,-4.1423305,0.061934084,-4.0280189
0.062003907,-4.1036567,0.062003907,-5.2278159,0.062003907,-4.1313922,0.062003907,-4.0177634
0.06207373,-4.0932042,0.06207373,-5.2173634,0.06207373,-4.1205968,0.06207373,-4.0076413
0.062143553,-4.0829018,0.062143553,-5.207061,0.062143553,-4.109945,0.062143553,-3.9976432
0.06221338,-4.0727504,0.06221338,-5.1969096,0.06221338,-4.0994376,0.06221338,-3.9877547
0.062283203,-4.0627512,0.062283203,-5.1869104,0.062283203,-4.0890753,0.062283203,-3.9779549
0.062353026,-4.0529051,0.062353026,-5.1770644,0.062353026,-4.078859,0.062353026,-3.9682139
0.062422853,-4.0432135,0.062422853,-5.1673727,0.062422853,-4.0687894,0.062422853,-3.9584878
0.062492676,-4.0336773,0.062492676,-5.1578365,0.062492676,-4.0588675,0.062492676,-3.9487124
0.062562503,-4.0242978,0.062562503,-5.148457,0.062562503,-4.0490941,0.062562503,-3.9387921
0.062632322,-4.0150762,0.062632322,-5.1392354,0.062632322,-4.0394701,0.062632322,-3.9285789
0.062702149,-4.0060139,0.062702149,-5.1301731,0.062702149,-4.0299965,0.062702149,-3.9178326
0.062771976,-3.9971122,0.062771976,-5.1212714,0.062771976,-4.020674,0.062771976,-3.9061304
0.062841795,-3.9883725,0.062841795,-5.1125317,0.062841795,-4.0115039,0.062841795,-3.8926246
0.062911622,-3.9797962,0.062911622,-5.1039554,0.062911622,-4.0024869,0.062911622,-3.8751785
0.062981442,-3.9713848,0.062981442,-5.0955441,0.062981442,-3.9936242,0.062981442,-3.8445881
0.063000001,-3.9691776,0.063000001,-5.0933369,0.063000001,-3.993281,0.063000001,-3.8409465
0.063000001,-3.9691776,0.063000001,-5.0933369,0.063000001,-3.993281,0.063000001,-3.8409465
0.063051268,-3.96311,0.063051268,-5.0872692,0.063051268,-3.9926916,0.063051268,-3.8349772
0.063121095,-3.9549059,0.063121095,-5.0790652,0.063121095,-3.9916644,0.063121095,-3.8268795
0.063190915,-3.9467538,0.063190915,-5.0709131,0.063190915,-3.9903183,0.063190915,-3.8188118
0.063260742,-3.9386417,0.063260742,-5.0628009,0.063260742,-3.9885816,0.063260742,-3.8107681
0.063330568,-3.9305607,0.063330568,-5.0547199,0.063330568,-3.9863806,0.063330568,-3.8027439
0.063400388,-3.9225046,0.063400388,-5.0466638,0.063400388,-3.9836477,0.063400388,-3.7947361
0.063470215,-3.9144687,0.063470215,-5.038628,0.063470215,-3.9803297,0.063470215,-3.7867422
0.063540041,-3.9064497,0.063540041,-5.030609,0.063540041,-3.976397,0.063540041,-3.7787607
0.063609861,-3.8984451,0.063609861,-5.0226044,0.063609861,-3.9718482,0.063609861,-3.7707903
0.063679688,-3.8904531,0.063679688,-5.0146124,0.063679688,-3.9667108,0.063679688,-3.76283
0.063749515,-3.8824724,0.063749515,-5.0066316,0.063749515,-3.9610363,0.063749515,-3.7548793
0.063819334,-3.874502,0.063819334,-4.9986612,0.063819334,-3.9548918,0.063819334,-3.7469376
0.063889161,-3.8665411,0.063889161,-4.9907004,0.063889161,-3.9483513,0.063889161,-3.7390046
0.063958988,-3.8585894,0.063958988,-4.9827487,0.063958988,-3.9414876,0.063958988,-3.73108
0.064028807,-3.8506464,0.064028807,-4.9748057,0.064028807,-3.9343672,0.064028807,-3.7231637
0.064098634,-3.8427119,0.064098634,-4.9668711,0.064098634,-3.9270474,0.064098634,-3.7152555
0.064168461,-3.8347856,0.064168461,-4.9589448,0.064168461,-3.9195758,0.064168461,-3.7073553
0.06423828,-3.8268674,0.06423828,-4.9510266,0.06423828,-3.9119904,0.06423828,-3.699463
0.064308107,-3.8189572,0.064308107,-4.9431165,0.064308107,-3.904321,0.064308107,-3.6915787
0.064377926,-3.811055,0.064377926,-4.9352142,0.064377926,-3.8965907,0.064377926,-3.6837022
0.064447753,-3.8031606,0.064447753,-4.9273198,0.064447753,-3.8888169,0.064447753,-3.6758336
0.06451758,-3.795274,0.06451758,-4.9194333,0.06451758,-3.8810128,0.06451758,-3.6679727
0.064587399,-3.7873953,0.064587399,-4.9115545,0.064587399,-3.8731882,0.064587399,-3.6601198
0.064657226,-3.7795244,0.064657226,-4.9036836,0.064657226,-3.8653506,0.064657226,-3.6522746
0.064727053,-3.7716612,0.064727053,-4.8958205,0.064727053,-3.8575053,0.064727053,-3.6444372
0.064796872,-3.7638059,0.064796872,-4.8879651,0.064796872,-3.8496565,0.064796872,-3.6366077
0.064866699,-3.7559583,0.064866699,-4.8801175,0.064866699,-3.8418069,0.064866699,-3.6287859
0.064936526,-3.7481185,0.064936526,-4.8722777,0.064936526,-3.833959,0.064936526,-3.620972
0.065006346,-3.7402865,0.065006346,-4.8644457,0.065006346,-3.8261143,0.065006346,-3.613166
0.065076172,-3.7324623,0.065076172,-4.8566215,0.065076172,-3.818274,0.065076172,-3.6053677
0.065145999,-3.7246459,0.065145999,-4.8488051,0.065145999,-3.8104389,0.065145999,-3.5975773
0.065215819,-3.7168372,0.065215819,-4.8409964,0.065215819,-3.8026098,0.065215819,-3.5897948
0.065285645,-3.7090364,0.065285645,-4.8331956,0.065285645,-3.7947871,0.065285645,-3.5820201
0.065355472,-3.7012434,0.065355472,-4.8254026,0.065355472,-3.7869712,0.065355472,-3.5742532
0.065425292,-3.6934582,0.065425292,-4.8176174,0.065425292,-3.7791623,0.065425292,-3.5664943
0.065495118,-3.6856808,0.065495118,-4.80984,0.065495118,-3.7713607,0.065495118,-3.5587432
0.065564938,-3.6779113,0.065564938,-4.8020705,0.065564938,-3.7635664,0.065564938,-3.551
0.065634765,-3.6701495,0.065634765,-4.7943088,0.065634765,-3.7557797,0.065634765,-3.5432647
0.065704592,-3.6623957,0.065704592,-4.7865549,0.065704592,-3.7480005,0.065704592,-3.5355373
0.065774411,-3.6546497,0.065774411,-4.7788089,0.065774411,-3.740229,0.065774411,-3.5278178
0.065844238,-3.6469116,0.065844238,-4.7710708,0.065844238,-3.7324652,0.065844238,-3.5201062
0.065914065,-3.6391813,0.065914065,-4.7633405,0.065914065,-3.7247091,0.065914065,-3.5124025
0.065983884,-3.6314589,0.065983884,-4.7556181,0.065983884,-3.7169607,0.065983884,-3.5047068
0.066053711,-3.6237444,0.066053711,-4.7479036,0.066053711,-3.7092202,0.066053711,-3.497019
0.066123538,-3.6160378,0.066123538,-4.740197,0.066123538,-3.7014875,0.066123538,-3.4893392
0.066193357,-3.6083391,0.066193357,-4.7324983,0.066193357,-3.6937626,0.066193357,-3.4816673
0.066263184,-3.6006483,0.066263184,-4.7248075,0.066263184,-3.6860455,0.066263184,-3.4740034
0.066333011,-3.5929654,0.066333011,-4.7171246,0.066333011,-3.6783363,0.066333011,-3.4663475
0.06640283,-3.5852905,0.06640283,-4.7094497,0.06640283,-3.6706349,0.06640283,-3.4586995
0.066472657,-3.5776234,0.066472657,-4.7017827,0.066472657,-3.6629414,0.066472657,-3.4510596
0.066542484,-3.5699644,0.066542484,-4.6941236,0.066542484,-3.6552558,0.066542484,-3.4434276
0.066612303,-3.5623132,0.066612303,-4.6864725,0.066612303,-3.6475781,0.066612303,-3.4358036
0.06668213,-3.5546701,0.06668213,-4.6788293,0.06668213,-3.6399083,0.06668213,-3.4281877
0.066751949,-3.5470349,0.066751949,-4.6711941,0.066751949,-3.6322464,0.066751949,-3.4205798
0.066821776,-3.5394077,0.066821776,-4.6635669,0.066821776,-3.6245924,0.066821776,-3.4129799
0.066891603,-3.5317884,0.066891603,-4.6559477,0.066891603,-3.6169463,0.066891603,-3.4053881
0.066961423,-3.5241772,0.066961423,-4.6483364,0.066961423,-3.6093082,0.066961423,-3.3978043
0.067031249,-3.5165739,0.067031249,-4.6407332,0.067031249,-3.601678,0.067031249,-3.3902286
0.067101076,-3.5089787,0.067101076,-4.6331379,0.067101076,-3.5940558,0.067101076,-3.3826609
0.067170896,-3.5013915,0.067170896,-4.6255507,0.067170896,-3.5864416,0.067170896,-3.3751013
0.067240722,-3.4938123,0.067240722,-4.6179715,0.067240722,-3.5788353,0.067240722,-3.3675498
0.067310549,-3.4862411,0.067310549,-4.6104004,0.067310549,-3.571237,0.067310549,-3.3600064
0.067380369,-3.478678,0.067380369,-4.6028373,0.067380369,-3.5636466,0.067380369,-3.3524711
0.067450196,-3.471123,0.067450196,-4.5952822,0.067450196,-3.5560643,0.067450196,-3.3449439
0.067520022,-3.4635759,0.067520022,-4.5877352,0.067520022,-3.54849,0.067520022,-3.3374248
0.067589842,-3.456037,0.067589842,-4.5801962,0.067589842,-3.5409236,0.067589842,-3.3299139
0.067659669,-3.4485061,0.067659669,-4.5726654,0.067659669,-3.5333653,0.067659669,-3.3224111
0.067729495,-3.4409834,0.067729495,-4.5651426,0.067729495,-3.5258151,0.067729495,-3.3149164
0.067799315,-3.4334687,0.067799315,-4.5576279,0.067799315,-3.5182728,0.067799315,-3.3074299
0.067869142,-3.4259621,0.067869142,-4.5501213,0.067869142,-3.5107386,0.067869142,-3.2999516
0.067938969,-3.4184636,0.067938969,-4.5426229,0.067938969,-3.5032125,0.067938969,-3.2924814
0.068008788,-3.4109733,0.068008788,-4.5351325,0.068008788,-3.4956944,0.068008788,-3.2850194
0.068078615,-3.4034911,0.068078615,-4.5276503,0.068078615,-3.4881844,0.068078615,-3.2775656
0.068148434,-3.396017,0.068148434,-4.5201762,0.068148434,-3.4806825,0.068148434,-3.27012
0.068218261,-3.388551,0.068218261,-4.5127103,0.068218261,-3.4731886,0.068218261,-3.2626826
0.068288088,-3.3810932,0.068288088,-4.5052525,0.068288088,-3.4657028,0.068288088,-3.2552535
0.068357907,-3.3736436,0.068357907,-4.4978029,0.068357907,-3.4582252,0.068357907,-3.2478325
0.068427734,-3.3662022,0.068427734,-4.4903614,0.068427734,-3.4507557,0.068427734,-3.2404198
0.068497561,-3.3587689,0.068497561,-4.4829281,0.068497561,-3.4432942,0.068497561,-3.2330153
0.06856738,-3.3513438,0.06856738,-4.4755031,0.06856738,-3.4358409,0.06856738,-3.2256191
0.068637207,-3.3439269,0.068637207,-4.4680862,0.068637207,-3.4283958,0.068637207,-3.2182312
0.068707034,-3.3365183,0.068707034,-4.4606775,0.068707034,-3.4209588,0.068707034,-3.2108515
0.068776853,-3.3291178,0.068776853,-4.4532771,0.068776853,-3.4135299,0.068776853,-3.2034801
0.06884668,-3.3217256,0.06884668,-4.4458848,0.06884668,-3.4061093,0.06884668,-3.196117
0.068916507,-3.3143416,0.068916507,-4.4385008,0.068916507,-3.3986967,0.068916507,-3.1887622
0.068986326,-3.3069658,0.068986326,-4.4311251,0.068986326,-3.3912924,0.068986326,-3.1814157
0.069056153,-3.2995984,0.069056153,-4.4237576,0.069056153,-3.3838963,0.069056153,-3.1740776
0.06912598,-3.2922391,0.06912598,-4.4163983,0.06912598,-3.3765083,0.06912598,-3.1667477
0.0691958,-3.2848882,0.0691958,-4.4090474,0.0691958,-3.3691286,0.0691958,-3.1594262
0.069265626,-3.2775455,0.069265626,-4.4017047,0.069265626,-3.3617571,0.069265626,-3.1521131
0.069335446,-3.2702111,0.069335446,-4.3943703,0.069335446,-3.3543938,0.069335446,-3.1448083
0.069405273,-3.262885,0.069405273,-4.3870442,0.069405273,-3.3470387,0.069405273,-3.1375118
0.069475099,-3.2555672,0.069475099,-4.3797264,0.069475099,-3.3396919,0.069475099,-3.1302238
0.069544919,-3.2482577,0.069544919,-4.372417,0.069544919,-3.3323534,0.069544919,-3.1229441
0.069614746,-3.2409566,0.069614746,-4.3651158,0.069614746,-3.3250231,0.069614746,-3.1156728
0.069684573,-3.2336638,0.069684573,-4.357823,0.069684573,-3.3177011,0.069684573,-3.10841
0.069754392,-3.2263793,0.069754392,-4.3505386,0.069754392,-3.3103873,0.069754392,-3.1011555
0.069824219,-3.2191032,0.069824219,-4.3432625,0.069824219,-3.3030819,0.069824219,-3.0939095
0.069894046,-3.2118355,0.069894046,-4.3359947,0.069894046,-3.2957847,0.069894046,-3.0866719
0.069963865,-3.2045761,0.069963865,-4.3287354,0.069963865,-3.2884959,0.069963865,-3.0794428
0.070033692,-3.1973252,0.070033692,-4.3214844,0.070033692,-3.2812153,0.070033692,-3.0722221
0.070103519,-3.1900826,0.070103519,-4.3142418,0.070103519,-3.2739431,0.070103519,-3.0650099
0.070173338,-3.1828484,0.070173338,-4.3070076,0.070173338,-3.2666793,0.070173338,-3.0578061
0.070243165,-3.1756226,0.070243165,-4.2997819,0.070243165,-3.2594238,0.070243165,-3.0506109
0.070312992,-3.1684053,0.070312992,-4.2925645,0.070312992,-3.2521766,0.070312992,-3.0434241
0.070382811,-3.1611964,0.070382811,-4.2853556,0.070382811,-3.2449378,0.070382811,-3.0362458
0.070452638,-3.1539959,0.070452638,-4.2781551,0.070452638,-3.2377074,0.070452638,-3.0290761
0.070522457,-3.1468039,0.070522457,-4.2709631,0.070522457,-3.2304853,0.070522457,-3.0219149
0.070592284,-3.1396203,0.070592284,-4.2637796,0.070592284,-3.2232717,0.070592284,-3.0147622
0.070662111,-3.1324453,0.070662111,-4.2566045,0.070662111,-3.2160664,0.070662111,-3.0076181
0.07073193,-3.1252787,0.07073193,-4.2494379,0.07073193,-3.2088696,0.07073193,-3.0004825
0.070801757,-3.1181205,0.070801757,-4.2422798,0.070801757,-3.2016812,0.070801757,-2.9933554
0.070871584,-3.1109709,0.070871584,-4.2351302,0.070871584,-3.1945012,0.070871584,-2.986237
0.070941404,-3.1038298,0.070941404,-4.2279891,0.070941404,-3.1873297,0.070941404,-2.9791271
0.07101123,-3.0966973,0.07101123,-4.2208565,0.07101123,-3.1801666,0.07101123,-2.9720259
0.071081057,-3.0895732,0.071081057,-4.2137324,0.071081057,-3.1730119,0.071081057,-2.9649332
0.071150877,-3.0824577,0.071150877,-4.2066169,0.071150877,-3.1658658,0.071150877,-2.9578492
0.071220703,-3.0753508,0.071220703,-4.19951,0.071220703,-3.1587281,0.071220703,-2.9507738
0.07129053,-3.0682524,0.07129053,-4.1924116,0.07129053,-3.1515989,0.07129053,-2.943707
0.07136035,-3.0611626,0.07136035,-4.1853218,0.07136035,-3.1444782,0.07136035,-2.9366489
0.071430176,-3.0540813,0.071430176,-4.1782406,0.071430176,-3.137366,0.071430176,-2.9295995
0.071500003,-3.0470087,0.071500003,-4.1711679,0.071500003,-3.1302624,0.071500003,-2.9225587
0.071569823,-3.0399446,0.071569823,-4.1641039,0.071569823,-3.1231672,0.071569823,-2.9155266
0.07163965,-3.0328892,0.07163965,-4.1570484,0.07163965,-3.1160806,0.07163965,-2.9085032
0.071709469,-3.0258424,0.071709469,-4.1500016,0.071709469,-3.1090026,0.071709469,-2.9014885
0.071779296,-3.0188042,0.071779296,-4.1429635,0.071779296,-3.1019331,0.071779296,-2.8944825
0.071849123,-3.0117747,0.071849123,-4.135934,0.071849123,-3.0948722,0.071849123,-2.8874852
0.071918942,-3.0047539,0.071918942,-4.1289131,0.071918942,-3.0878199,0.071918942,-2.8804967
0.071988769,-2.9977416,0.071988769,-4.1219009,0.071988769,-3.0807761,0.071988769,-2.8735169
0.072058596,-2.9907381,0.072058596,-4.1148974,0.072058596,-3.073741,0.072058596,-2.8665459
0.072128415,-2.9837433,0.072128415,-4.1079025,0.072128415,-3.0667144,0.072128415,-2.8595836
0.072198242,-2.9767571,0.072198242,-4.1009164,0.072198242,-3.0596965,0.072198242,-2.8526301
0.072268069,-2.9697797,0.072268069,-4.0939389,0.072268069,-3.0526872,0.072268069,-2.8456854
0.072337888,-2.962811,0.072337888,-4.0869702,0.072337888,-3.0456866,0.072337888,-2.8387496
0.072407715,-2.955851,0.072407715,-4.0800102,0.072407715,-3.0386946,0.072407715,-2.8318225
0.072477542,-2.9488998,0.072477542,-4.073059,0.072477542,-3.0317113,0.072477542,-2.8249042
0.072547361,-2.9419573,0.072547361,-4.0661165,0.072547361,-3.0247366,0.072547361,-2.8179948
0.072617188,-2.9350235,0.072617188,-4.0591828,0.072617188,-3.0177706,0.072617188,-2.8110943
0.072687015,-2.9280986,0.072687015,-4.0522578,0.072687015,-3.0108133,0.072687015,-2.8042026
0.072756834,-2.9211824,0.072756834,-4.0453416,0.072756834,-3.0038648,0.072756834,-2.7973197
0.072826661,-2.914275,0.072826661,-4.0384343,0.072826661,-2.9969249,0.072826661,-2.7904458
0.072896488,-2.9073765,0.072896488,-4.0315357,0.072896488,-2.9899938,0.072896488,-2.7835807
0.072966307,-2.9004867,0.072966307,-4.0246459,0.072966307,-2.9830714,0.072966307,-2.7767246
0.073036134,-2.8936058,0.073036134,-4.017765,0.073036134,-2.9761577,0.073036134,-2.7698773
0.073105954,-2.8867337,0.073105954,-4.0108929,0.073105954,-2.9692528,0.073105954,-2.763039
0.07317578,-2.8798705,0.07317578,-4.0040297,0.07317578,-2.9623567,0.07317578,-2.7562096
0.073245607,-2.8730161,0.073245607,-3.9971753,0.073245607,-2.9554694,0.073245607,-2.7493892
0.073315427,-2.8661706,0.073315427,-3.9903298,0.073315427,-2.9485908,0.073315427,-2.7425778
0.073385254,-2.859334,0.073385254,-3.9834932,0.073385254,-2.941721,0.073385254,-2.7357753
0.07345508,-2.8525062,0.07345508,-3.9766655,0.07345508,-2.9348601,0.07345508,-2.7289818
0.0735249,-2.8456874,0.0735249,-3.9698467,0.0735249,-2.928008,0.0735249,-2.7221973
0.073594727,-2.8388775,0.073594727,-3.9630368,0.073594727,-2.9211647,0.073594727,-2.7154218
0.073664553,-2.8320766,0.073664553,-3.9562358,0.073664553,-2.9143302,0.073664553,-2.7086553
0.073734373,-2.8252846,0.073734373,-3.9494438,0.073734373,-2.9075047,0.073734373,-2.7018979
0.0738042,-2.8185015,0.0738042,-3.9426607,0.0738042,-2.9006879,0.0738042,-2.6951495
0.073874027,-2.8117274,0.073874027,-3.9358866,0.073874027,-2.8938801,0.073874027,-2.6884102
0.073943846,-2.8049623,0.073943846,-3.9291215,0.073943846,-2.8870812,0.073943846,-2.6816799
0.074013673,-2.7982061,0.074013673,-3.9223654,0.074013673,-2.8802911,0.074013673,-2.6749588
0.0740835,-2.791459,0.0740835,-3.9156182,0.0740835,-2.87351,0.0740835,-2.6682467
0.074153319,-2.7847209,0.074153319,-3.9088801,0.074153319,-2.8667378,0.074153319,-2.6615437
0.074223146,-2.7779918,0.074223146,-3.902151,0.074223146,-2.8599745,0.074223146,-2.6548499
0.074292965,-2.7712717,0.074292965,-3.895431,0.074292965,-2.8532202,0.074292965,-2.6481652
0.074362792,-2.7645607,0.074362792,-3.88872,0.074362792,-2.8464748,0.074362792,-2.6414896
0.074432619,-2.7578588,0.074432619,-3.882018,0.074432619,-2.8397384,0.074432619,-2.6348232
0.074502438,-2.7511659,0.074502438,-3.8753251,0.074502438,-2.833011,0.074502438,-2.6281659
0.074572265,-2.7444821,0.074572265,-3.8686413,0.074572265,-2.8262926,0.074572265,-2.6215179
0.074642092,-2.7378074,0.074642092,-3.8619666,0.074642092,-2.8195832,0.074642092,-2.614879
0.074711911,-2.7311418,0.074711911,-3.8553011,0.074711911,-2.8128828,0.074711911,-2.6082494
0.074781738,-2.7244854,0.074781738,-3.8486446,0.074781738,-2.8061914,0.074781738,-2.6016289
0.074851565,-2.717838,0.074851565,-3.8419973,0.074851565,-2.7995091,0.074851565,-2.5950177
0.074921384,-2.7111998,0.074921384,-3.8353591,0.074921384,-2.7928358,0.074921384,-2.5884158
0.074991211,-2.7045708,0.074991211,-3.82873,0.074991211,-2.7861716,0.074991211,-2.5818231
0.075061038,-2.697951,0.075061038,-3.8221102,0.075061038,-2.7795164,0.075061038,-2.5752397
0.075130858,-2.6913403,0.075130858,-3.8154995,0.075130858,-2.7728704,0.075130858,-2.5686656
0.075200684,-2.6847388,0.075200684,-3.808898,0.075200684,-2.7662335,0.075200684,-2.5621007
0.075270511,-2.6781465,0.075270511,-3.8023058,0.075270511,-2.7596056,0.075270511,-2.5555452
0.075340331,-2.6715635,0.075340331,-3.7957227,0.075340331,-2.7529869,0.075340331,-2.548999
0.075410157,-2.6649897,0.075410157,-3.7891489,0.075410157,-2.7463773,0.075410157,-2.5424622
0.075479977,-2.6584251,0.075479977,-3.7825843,0.075479977,-2.7397769,0.075479977,-2.5359347
0.075549804,-2.6518698,0.075549804,-3.776029,0.075549804,-2.7331857,0.075549804,-2.5294166
0.075619631,-2.6453238,0.075619631,-3.769483,0.075619631,-2.7266036,0.075619631,-2.5229078
0.07568945,-2.638787,0.07568945,-3.7629463,0.07568945,-2.7200307,0.07568945,-2.5164085
0.075759277,-2.6322596,0.075759277,-3.7564188,0.075759277,-2.713467,0.075759277,-2.5099185
0.075829104,-2.6257414,0.075829104,-3.7499007,0.075829104,-2.7069125,0.075829104,-2.503438
0.075898923,-2.6192326,0.075898923,-3.7433919,0.075898923,-2.7003672,0.075898923,-2.4969669
0.07596875,-2.6127332,0.07596875,-3.7368924,0.07596875,-2.6938312,0.07596875,-2.4905053
0.076038577,-2.606243,0.076038577,-3.7304023,0.076038577,-2.6873044,0.076038577,-2.4840531
0.076108396,-2.5997623,0.076108396,-3.7239215,0.076108396,-2.6807869,0.076108396,-2.4776104
0.076178223,-2.5932909,0.076178223,-3.7174501,0.076178223,-2.6742786,0.076178223,-2.4711772
0.07624805,-2.5868289,0.07624805,-3.7109881,0.07624805,-2.6677797,0.07624805,-2.4647535
0.076317869,-2.5803763,0.076317869,-3.7045355,0.076317869,-2.66129,0.076317869,-2.4583393
0.076387696,-2.5739331,0.076387696,-3.6980924,0.076387696,-2.6548097,0.076387696,-2.4519346
0.076457523,-2.5674994,0.076457523,-3.6916586,0.076457523,-2.6483386,0.076457523,-2.4455395
0.076527342,-2.5610751,0.076527342,-3.6852344,0.076527342,-2.641877,0.076527342,-2.4391539
0.076597169,-2.5546603,0.076597169,-3.6788195,0.076597169,-2.6354246,0.076597169,-2.432778
0.076666996,-2.5482549,0.076666996,-3.6724142,0.076666996,-2.6289817,0.076666996,-2.4264116
0.076736815,-2.5418591,0.076736815,-3.6660183,0.076736815,-2.6225481,0.076736815,-2.4200548
0.076806642,-2.5354727,0.076806642,-3.6596319,0.076806642,-2.6161239,0.076806642,-2.4137076
0.076876462,-2.5290958,0.076876462,-3.6532551,0.076876462,-2.6097091,0.076876462,-2.4073701
0.076946288,-2.5227285,0.076946288,-3.6468877,0.076946288,-2.6033037,0.076946288,-2.4010422
0.077016115,-2.5163707,0.077016115,-3.6405299,0.077016115,-2.5969078,0.077016115,-2.394724
0.077085935,-2.5100225,0.077085935,-3.6341817,0.077085935,-2.5905213,0.077085935,-2.3884154
0.077155761,-2.5036838,0.077155761,-3.627843,0.077155761,-2.5841443,0.077155761,-2.3821166
0.077225588,-2.4973547,0.077225588,-3.621514,0.077225588,-2.5777767,0.077225588,-2.3758275
0.077295408,-2.4910353,0.077295408,-3.6151945,0.077295408,-2.5714186,0.077295408,-2.369548
0.077365234,-2.4847254,0.077365234,-3.6088846,0.077365234,-2.5650701,0.077365234,-2.3632784
0.077435061,-2.4784252,0.077435061,-3.6025844,0.077435061,-2.558731,0.077435061,-2.3570184
0.077504881,-2.4721346,0.077504881,-3.5962938,0.077504881,-2.5524015,0.077504881,-2.3507683
0.077574708,-2.4658536,0.077574708,-3.5900128,0.077574708,-2.5460815,0.077574708,-2.3445279
0.077644534,-2.4595823,0.077644534,-3.5837416,0.077644534,-2.539771,0.077644534,-2.3382973
0.077714354,-2.4533208,0.077714354,-3.57748,0.077714354,-2.5334702,0.077714354,-2.3320766
0.077784181,-2.4470689,0.077784181,-3.5712281,0.077784181,-2.5271789,0.077784181,-2.3258656
0.077854007,-2.4408267,0.077854007,-3.5649859,0.077854007,-2.5208972,0.077854007,-2.3196645
0.077923827,-2.4345943,0.077923827,-3.5587535,0.077923827,-2.5146251,0.077923827,-2.3134733
0.077993654,-2.4283716,0.077993654,-3.5525308,0.077993654,-2.5083627,0.077993654,-2.307292
0.078063473,-2.4221587,0.078063473,-3.5463179,0.078063473,-2.5021098,0.078063473,-2.3011205
0.0781333,-2.4159555,0.0781333,-3.5401147,0.0781333,-2.4958667,0.0781333,-2.294959
0.078203127,-2.4097621,0.078203127,-3.5339214,0.078203127,-2.4896332,0.078203127,-2.2888074
0.078272946,-2.4035786,0.078272946,-3.5277378,0.078272946,-2.4834094,0.078272946,-2.2826657
0.078342773,-2.3974048,0.078342773,-3.5215641,0.078342773,-2.4771953,0.078342773,-2.2765339
0.0784126,-2.3912409,0.0784126,-3.5154002,0.0784126,-2.4709909,0.0784126,-2.2704122
0.078482419,-2.3850869,0.078482419,-3.5092461,0.078482419,-2.4647962,0.078482419,-2.2643004
0.078552246,-2.3789427,0.078552246,-3.5031019,0.078552246,-2.4586113,0.078552246,-2.2581987
0.078622073,-2.3728084,0.078622073,-3.4969676,0.078622073,-2.4524361,0.078622073,-2.252107
0.078691892,-2.366684,0.078691892,-3.4908432,0.078691892,-2.4462707,0.078691892,-2.2460253
0.078761719,-2.3605695,0.078761719,-3.4847287,0.078761719,-2.4401151,0.078761719,-2.2399536
0.078831546,-2.354465,0.078831546,-3.4786242,0.078831546,-2.4339693,0.078831546,-2.2338921
0.078901365,-2.3483703,0.078901365,-3.4725296,0.078901365,-2.4278333,0.078901365,-2.2278406
0.078971192,-2.3422857,0.078971192,-3.4664449,0.078971192,-2.4217071,0.078971192,-2.2217992
0.079041019,-2.336211,0.079041019,-3.4603702,0.079041019,-2.4155908,0.079041019,-2.215768
0.079110838,-2.3301463,0.079110838,-3.4543056,0.079110838,-2.4094843,0.079110838,-2.2097469
0.079180665,-2.3240917,0.079180665,-3.4482509,0.079180665,-2.4033877,0.079180665,-2.2037359
0.079250485,-2.318047,0.079250485,-3.4422063,0.079250485,-2.397301,0.079250485,-2.1977352
0.079320312,-2.3120124,0.079320312,-3.4361717,0.079320312,-2.3912242,0.079320312,-2.1917446
0.079390138,-2.3059879,0.079390138,-3.4301471,0.079390138,-2.3851574,0.079390138,-2.1857642
0.079459958,-2.2999734,0.079459958,-3.4241326,0.079459958,-2.3791005,0.079459958,-2.1797941
0.079529785,-2.293969,0.079529785,-3.4181283,0.079529785,-2.3730535,0.079529785,-2.1738342
0.079599611,-2.2879748,0.079599611,-3.412134,0.079599611,-2.3670165,0.079599611,-2.1678845
0.079669431,-2.2819906,0.079669431,-3.4061499,0.079669431,-2.3609895,0.079669431,-2.1619452
0.079739258,-2.2760166,0.079739258,-3.4001759,0.079739258,-2.3549725,0.079739258,-2.1560161
0.079809085,-2.2700528,0.079809085,-3.394212,0.079809085,-2.3489655,0.079809085,-2.1500974
0.079878904,-2.2640991,0.079878904,-3.3882584,0.079878904,-2.3429685,0.079878904,-2.144189
0.079948731,-2.2581557,0.079948731,-3.3823149,0.079948731,-2.3369816,0.079948731,-2.1382909
0.080018558,-2.2522224,0.080018558,-3.3763816,0.080018558,-2.3310048,0.080018558,-2.1324032
0.080088377,-2.2462994,0.080088377,-3.3704586,0.080088377,-2.325038,0.080088377,-2.126526
0.080158204,-2.2403866,0.080158204,-3.3645458,0.080158204,-2.3190814,0.080158204,-2.1206591
0.080228031,-2.234484,0.080228031,-3.3586433,0.080228031,-2.3131348,0.080228031,-2.1148026
0.08029785,-2.2285918,0.08029785,-3.352751,0.08029785,-2.3071984,0.08029785,-2.1089566
0.080367677,-2.2227098,0.080367677,-3.3468691,0.080367677,-2.3012722,0.080367677,-2.103121
0.080437496,-2.2168382,0.080437496,-3.3409974,0.080437496,-2.2953561,0.080437496,-2.097296
0.080507323,-2.2109769,0.080507323,-3.3351361,0.080507323,-2.2894502,0.080507323,-2.0914814
0.08057715,-2.2051259,0.08057715,-3.3292852,0.08057715,-2.2835545,0.08057715,-2.0856773
0.080646969,-2.1992854,0.080646969,-3.3234446,0.080646969,-2.277669,0.080646969,-2.0798838
0.080716796,-2.1934552,0.080716796,-3.3176144,0.080716796,-2.2717937,0.080716796,-2.0741009
0.080786623,-2.1876354,0.080786623,-3.3117946,0.080786623,-2.2659287,0.080786623,-2.0683285
0.080856442,-2.181826,0.080856442,-3.3059852,0.080856442,-2.260074,0.080856442,-2.0625667
0.080926269,-2.1760271,0.080926269,-3.3001863,0.080926269,-2.2542295,0.080926269,-2.0568156
0.080996096,-2.1702386,0.080996096,-3.2943978,0.080996096,-2.2483953,0.080996096,-2.051075
0.081065916,-2.1644606,0.081065916,-3.2886198,0.081065916,-2.2425715,0.081065916,-2.0453452
0.081135742,-2.1586931,0.081135742,-3.2828523,0.081135742,-2.236758,0.081135742,-2.039626
0.081205569,-2.1529361,0.081205569,-3.2770954,0.081205569,-2.2309549,0.081205569,-2.0339175
0.081275389,-2.1471897,0.081275389,-3.2713489,0.081275389,-2.2251621,0.081275389,-2.0282197
0.081345215,-2.1414538,0.081345215,-3.265613,0.081345215,-2.2193797,0.081345215,-2.0225327
0.081415042,-2.1357285,0.081415042,-3.2598877,0.081415042,-2.2136077,0.081415042,-2.0168564
0.081484862,-2.1300137,0.081484862,-3.254173,0.081484862,-2.2078462,0.081484862,-2.0111909
0.081554689,-2.1243096,0.081554689,-3.2484688,0.081554689,-2.2020951,0.081554689,-2.0055362
0.081624515,-2.1186161,0.081624515,-3.2427753,0.081624515,-2.1963544,0.081624515,-1.9998923
0.081694335,-2.1129333,0.081694335,-3.2370925,0.081694335,-2.1906243,0.081694335,-1.9942593
0.081764162,-2.1072611,0.081764162,-3.2314203,0.081764162,-2.1849046,0.081764162,-1.9886371
0.081833981,-2.1015996,0.081833981,-3.2257588,0.081833981,-2.1791954,0.081833981,-1.9830258
0.081903808,-2.0959488,0.081903808,-3.2201081,0.081903808,-2.1734968,0.081903808,-1.9774254
0.081973635,-2.0903088,0.081973635,-3.214468,0.081973635,-2.1678088,0.081973635,-1.9718359
0.082043454,-2.0846795,0.082043454,-3.2088387,0.082043454,-2.1621313,0.082043454,-1.9662574
0.082113281,-2.0790609,0.082113281,-3.2032202,0.082113281,-2.1564644,0.082113281,-1.9606899
0.082183108,-2.0734532,0.082183108,-3.1976124,0.082183108,-2.1508081,0.082183108,-1.9551333
0.082252927,-2.0678562,0.082252927,-3.1920155,0.082252927,-2.1451624,0.082252927,-1.9495877
0.082322754,-2.0622701,0.082322754,-3.1864294,0.082322754,-2.1395274,0.082322754,-1.9440532
0.082392581,-2.0566949,0.082392581,-3.1808541,0.082392581,-2.1339031,0.082392581,-1.9385298
0.0824624,-2.0511305,0.0824624,-3.1752897,0.0824624,-2.1282894,0.0824624,-1.9330174
0.082532227,-2.045577,0.082532227,-3.1697362,0.082532227,-2.1226865,0.082532227,-1.9275161
0.082602054,-2.0400344,0.082602054,-3.1641936,0.082602054,-2.1170943,0.082602054,-1.9220259
0.082671873,-2.0345027,0.082671873,-3.1586619,0.082671873,-2.1115128,0.082671873,-1.9165469
0.0827417,-2.028982,0.0827417,-3.1531412,0.0827417,-2.1059421,0.0827417,-1.9110791
0.082811527,-2.0234723,0.082811527,-3.1476315,0.082811527,-2.1003822,0.082811527,-1.9056224
0.082881346,-2.0179735,0.082881346,-3.1421328,0.082881346,-2.094833,0.082881346,-1.900177
0.082951173,-2.0124858,0.082951173,-3.136645,0.082951173,-2.0892947,0.082951173,-1.8947428
0.083020993,-2.0070091,0.083020993,-3.1311684,0.083020993,-2.0837673,0.083020993,-1.8893198
0.083090819,-2.0015435,0.083090819,-3.1257027,0.083090819,-2.0782507,0.083090819,-1.8839082
0.083160646,-1.996089,0.083160646,-3.1202482,0.083160646,-2.072745,0.083160646,-1.8785078
0.083230466,-1.9906455,0.083230466,-3.1148048,0.083230466,-2.0672502,0.083230466,-1.8731188
0.083300292,-1.9852132,0.083300292,-3.1093725,0.083300292,-2.0617663,0.083300292,-1.8677412
0.083370119,-1.9797921,0.083370119,-3.1039513,0.083370119,-2.0562934,0.083370119,-1.8623749
0.083439939,-1.9743821,0.083439939,-3.0985413,0.083439939,-2.0508315,0.083439939,-1.85702
0.083509766,-1.9689833,0.083509766,-3.0931425,0.083509766,-2.0453805,0.083509766,-1.8516766
0.083579592,-1.9635957,0.083579592,-3.0877549,0.083579592,-2.0399406,0.083579592,-1.8463446
0.083649412,-1.9582193,0.083649412,-3.0823786,0.083649412,-2.0345116,0.083649412,-1.8410241
0.083719239,-1.9528543,0.083719239,-3.0770135,0.083719239,-2.0290938,0.083719239,-1.8357151
0.083789065,-1.9475005,0.083789065,-3.0716597,0.083789065,-2.023687,0.083789065,-1.8304177
0.083858885,-1.942158,0.083858885,-3.0663172,0.083858885,-2.0182913,0.083858885,-1.8251318
0.083928712,-1.9368268,0.083928712,-3.0609861,0.083928712,-2.0129067,0.083928712,-1.8198574
0.083998539,-1.931507,0.083998539,-3.0556662,0.083998539,-2.0075332,0.083998539,-1.8145947
0.084068358,-1.9261986,0.084068358,-3.0503578,0.084068358,-2.002171,0.084068358,-1.8093436
0.084138185,-1.9209016,0.084138185,-3.0450608,0.084138185,-1.9968199,0.084138185,-1.8041042
0.084208004,-1.915616,0.084208004,-3.0397752,0.084208004,-1.99148,0.084208004,-1.7988764
0.084277831,-1.9103418,0.084277831,-3.034501,0.084277831,-1.9861513,0.084277831,-1.7936604
0.084347658,-1.9050791,0.084347658,-3.0292384,0.084347658,-1.9808339,0.084347658,-1.7884561
0.084417477,-1.899828,0.084417477,-3.0239872,0.084417477,-1.9755277,0.084417477,-1.7832635
0.084487304,-1.8945883,0.084487304,-3.0187475,0.084487304,-1.9702329,0.084487304,-1.7780828
0.084557131,-1.8893602,0.084557131,-3.0135194,0.084557131,-1.9649493,0.084557131,-1.7729139
0.08462695,-1.8841437,0.08462695,-3.0083029,0.08462695,-1.9596771,0.08462695,-1.7677568
0.084696777,-1.8789387,0.084696777,-3.003098,0.084696777,-1.9544163,0.084696777,-1.7626116
0.084766604,-1.8737454,0.084766604,-2.9979046,0.084766604,-1.9491669,0.084766604,-1.7574782
0.084836423,-1.8685637,0.084836423,-2.992723,0.084836423,-1.9439288,0.084836423,-1.7523569
0.08490625,-1.8633937,0.08490625,-2.987553,0.08490625,-1.9387022,0.08490625,-1.7472474
0.084976077,-1.8582354,0.084976077,-2.9823947,0.084976077,-1.9334871,0.084976077,-1.74215
0.085045896,-1.8530889,0.085045896,-2.9772481,0.085045896,-1.9282834,0.085045896,-1.7370646
0.085115723,-1.847954,0.085115723,-2.9721133,0.085115723,-1.9230912,0.085115723,-1.7319912
0.08518555,-1.842831,0.08518555,-2.9669902,0.08518555,-1.9179106,0.08518555,-1.7269299
0.08525537,-1.8377198,0.08525537,-2.961879,0.08525537,-1.9127415,0.08525537,-1.7218806
0.085325196,-1.8326203,0.085325196,-2.9567796,0.085325196,-1.907584,0.085325196,-1.7168435
0.085395023,-1.8275328,0.085395023,-2.951692,0.085395023,-1.9024381,0.085395023,-1.7118186
0.085464843,-1.8224571,0.085464843,-2.9466163,0.085464843,-1.8973038,0.085464843,-1.7068059
0.085534669,-1.8173933,0.085534669,-2.9415526,0.085534669,-1.8921812,0.085534669,-1.7018054
0.085604489,-1.8123415,0.085604489,-2.9365007,0.085604489,-1.8870703,0.085604489,-1.6968171
0.085674316,-1.8073016,0.085674316,-2.9314608,0.085674316,-1.881971,0.085674316,-1.6918411
0.085744143,-1.8022737,0.085744143,-2.926433,0.085744143,-1.8768835,0.085744143,-1.6868774
0.085813962,-1.7972579,0.085813962,-2.9214171,0.085813962,-1.8718077,0.085813962,-1.6819261
0.085883789,-1.7922541,0.085883789,-2.9164133,0.085883789,-1.8667437,0.085883789,-1.6769871
0.085953616,-1.7872623,0.085953616,-2.9114215,0.085953616,-1.8616915,0.085953616,-1.6720605
0.086023435,-1.7822827,0.086023435,-2.9064419,0.086023435,-1.8566512,0.086023435,-1.6671464
0.086093262,-1.7773152,0.086093262,-2.9014744,0.086093262,-1.8516226,0.086093262,-1.6622447
0.086163089,-1.7723598,0.086163089,-2.8965191,0.086163089,-1.846606,0.086163089,-1.6573556
0.086232908,-1.7674167,0.086232908,-2.8915759,0.086232908,-1.8416013,0.086232908,-1.6524789
0.086302735,-1.7624857,0.086302735,-2.886645,0.086302735,-1.8366085,0.086302735,-1.6476148
0.086372562,-1.757567,0.086372562,-2.8817263,0.086372562,-1.8316277,0.086372562,-1.6427634
0.086442381,-1.7526606,0.086442381,-2.8768199,0.086442381,-1.8266588,0.086442381,-1.6379245
0.086512208,-1.7477665,0.086512208,-2.8719258,0.086512208,-1.821702,0.086512208,-1.6330984
0.086582035,-1.7428848,0.086582035,-2.867044,0.086582035,-1.8167572,0.086582035,-1.6282849
0.086651854,-1.7380153,0.086651854,-2.8621746,0.086651854,-1.8118245,0.086651854,-1.6234841
0.086721681,-1.7331583,0.086721681,-2.8573176,0.086721681,-1.8069038,0.086721681,-1.6186961
0.0867915,-1.7283138,0.0867915,-2.852473,0.0867915,-1.8019953,0.0867915,-1.6139209
0.086861327,-1.7234816,0.086861327,-2.8476409,0.086861327,-1.797099,0.086861327,-1.6091586
0.086931154,-1.718662,0.086931154,-2.8428212,0.086931154,-1.7922148,0.086931154,-1.6044091
0.087000974,-1.7138549,0.087000974,-2.8380141,0.087000974,-1.7873428,0.087000974,-1.5996725
0.0870708,-1.7090603,0.0870708,-2.8332196,0.0870708,-1.7824831,0.0870708,-1.5949489
0.087140627,-1.7042784,0.087140627,-2.8284376,0.087140627,-1.7776356,0.087140627,-1.5902383
0.087210447,-1.699509,0.087210447,-2.8236682,0.087210447,-1.7728005,0.087210447,-1.5855406
0.087280273,-1.6947523,0.087280273,-2.8189115,0.087280273,-1.7679776,0.087280273,-1.580856
0.0873501,-1.6900082,0.0873501,-2.8141675,0.0873501,-1.7631671,0.0873501,-1.5761845
0.08741992,-1.6852769,0.08741992,-2.8094361,0.08741992,-1.758369,0.08741992,-1.5715262
0.087489747,-1.6805583,0.087489747,-2.8047176,0.087489747,-1.7535833,0.087489747,-1.5668809
0.087559573,-1.6758525,0.087559573,-2.8000118,0.087559573,-1.7488101,0.087559573,-1.5622489
0.087629393,-1.6711596,0.087629393,-2.7953188,0.087629393,-1.7440493,0.087629393,-1.5576302
0.08769922,-1.6664794,0.08769922,-2.7906386,0.08769922,-1.739301,0.08769922,-1.5530247
0.087769046,-1.6618122,0.087769046,-2.7859714,0.087769046,-1.7345652,0.087769046,-1.5484325
0.087838866,-1.6571578,0.087838866,-2.781317,0.087838866,-1.729842,0.087838866,-1.5438537
0.087908693,-1.6525164,0.087908693,-2.7766756,0.087908693,-1.7251315,0.087908693,-1.5392882
0.087978512,-1.647888,0.087978512,-2.7720472,0.087978512,-1.7204335,0.087978512,-1.5347362
0.088048339,-1.6432726,0.088048339,-2.7674318,0.088048339,-1.7157482,0.088048339,-1.5301977
0.088118166,-1.6386702,0.088118166,-2.7628295,0.088118166,-1.7110755,0.088118166,-1.5256727
0.088187985,-1.634081,0.088187985,-2.7582402,0.088187985,-1.7064156,0.088187985,-1.5211613
0.088257812,-1.6295049,0.088257812,-2.7536641,0.088257812,-1.7017685,0.088257812,-1.5166634
0.088327639,-1.6249419,0.088327639,-2.7491011,0.088327639,-1.6971341,0.088327639,-1.5121792
0.088397458,-1.6203921,0.088397458,-2.7445513,0.088397458,-1.6925125,0.088397458,-1.5077087
0.088467285,-1.6158556,0.088467285,-2.7400148,0.088467285,-1.6879038,0.088467285,-1.503252
0.088537112,-1.6113323,0.088537112,-2.7354915,0.088537112,-1.683308,0.088537112,-1.4988089
0.088606931,-1.6068223,0.088606931,-2.7309816,0.088606931,-1.6787251,0.088606931,-1.4943797
0.088676758,-1.6023257,0.088676758,-2.726485,0.088676758,-1.6741551,0.088676758,-1.4899644
0.088746585,-1.5978425,0.088746585,-2.7220017,0.088746585,-1.6695982,0.088746585,-1.485563
0.088816404,-1.5933727,0.088816404,-2.7175319,0.088816404,-1.6650542,0.088816404,-1.4811755
0.088886231,-1.5889163,0.088886231,-2.7130756,0.088886231,-1.6605233,0.088886231,-1.476802
0.088956058,-1.5844735,0.088956058,-2.7086327,0.088956058,-1.6560055,0.088956058,-1.4724425
0.089025877,-1.5800442,0.089025877,-2.7042034,0.089025877,-1.6515008,0.089025877,-1.4680972
0.089095704,-1.5756284,0.089095704,-2.6997876,0.089095704,-1.6470092,0.089095704,-1.4637659
0.089165524,-1.5712263,0.089165524,-2.6953855,0.089165524,-1.6425308,0.089165524,-1.4594489
0.08923535,-1.5668378,0.08923535,-2.6909971,0.08923535,-1.6380657,0.08923535,-1.4551461
0.089305177,-1.5624631,0.089305177,-2.6866223,0.089305177,-1.6336138,0.089305177,-1.4508575
0.089374997,-1.5581021,0.089374997,-2.6822613,0.089374997,-1.6291753,0.089374997,-1.4465833
0.089444824,-1.5537548,0.089444824,-2.677914,0.089444824,-1.62475,0.089444824,-1.4423235
0.08951465,-1.5494214,0.08951465,-2.6735806,0.08951465,-1.6203382,0.08951465,-1.438078
0.08958447,-1.5451018,0.08958447,-2.6692611,0.08958447,-1.6159397,0.08958447,-1.4338471
0.089654297,-1.5407962,0.089654297,-2.6649554,0.089654297,-1.6115547,0.089654297,-1.4296307
0.089724123,-1.5365045,0.089724123,-2.6606637,0.089724123,-1.6071831,0.089724123,-1.4254289
0.089793943,-1.5322268,0.089793943,-2.656386,0.089793943,-1.6028251,0.089793943,-1.4212417
0.08986377,-1.5279631,0.08986377,-2.6521223,0.08986377,-1.5984807,0.08986377,-1.4170692
0.089933597,-1.5237135,0.089933597,-2.6478727,0.089933597,-1.5941498,0.089933597,-1.4129114
0.090003416,-1.5194781,0.090003416,-2.6436373,0.090003416,-1.5898326,0.090003416,-1.4087684
0.090073243,-1.5152568,0.090073243,-2.639416,0.090073243,-1.585529,0.090073243,-1.4046403
0.09014307,-1.5110497,0.09014307,-2.6352089,0.09014307,-1.5812392,0.09014307,-1.4005271
0.090212889,-1.5068568,0.090212889,-2.6310161,0.090212889,-1.5769631,0.090212889,-1.3964288
0.090282716,-1.5026783,0.090282716,-2.6268376,0.090282716,-1.5727008,0.090282716,-1.3923455
0.090352543,-1.4985142,0.090352543,-2.6226734,0.090352543,-1.5684523,0.090352543,-1.3882774
0.090422362,-1.4943644,0.090422362,-2.6185236,0.090422362,-1.5642177,0.090422362,-1.3842243
0.090492189,-1.4902291,0.090492189,-2.6143883,0.090492189,-1.5599971,0.090492189,-1.3801865
0.090562008,-1.4861083,0.090562008,-2.6102675,0.090562008,-1.5557904,0.090562008,-1.3761639
0.090631835,-1.482002,0.090631835,-2.6061612,0.090631835,-1.5515976,0.090631835,-1.3721566
0.090701662,-1.4779103,0.090701662,-2.6020695,0.090701662,-1.547419,0.090701662,-1.3681648
0.090771481,-1.4738332,0.090771481,-2.5979925,0.090771481,-1.5432544,0.090771481,-1.3641883
0.090841308,-1.4697709,0.090841308,-2.5939301,0.090841308,-1.5391039,0.090841308,-1.3602274
0.090911135,-1.4657233,0.090911135,-2.5898825,0.090911135,-1.5349676,0.090911135,-1.356282
0.090980954,-1.4616904,0.090980954,-2.5858497,0.090980954,-1.5308455,0.090980954,-1.3523522
0.091050781,-1.4576724,0.091050781,-2.5818317,0.091050781,-1.5267377,0.091050781,-1.3484382
0.091120608,-1.4536694,0.091120608,-2.5778286,0.091120608,-1.5226441,0.091120608,-1.3445399
0.091190428,-1.4496812,0.091190428,-2.5738404,0.091190428,-1.518565,0.091190428,-1.3406575
0.091260254,-1.4457081,0.091260254,-2.5698673,0.091260254,-1.5145001,0.091260254,-1.336791
0.091330081,-1.44175,0.091330081,-2.5659092,0.091330081,-1.5104498,0.091330081,-1.3329405
0.091399901,-1.437807,0.091399901,-2.5619662,0.091399901,-1.5064139,0.091399901,-1.329106
0.091469727,-1.4338791,0.091469727,-2.5580384,0.091469727,-1.5023925,0.091469727,-1.3252877
0.091539554,-1.4299665,0.091539554,-2.5541258,0.091539554,-1.4983857,0.091539554,-1.3214856
0.091609374,-1.4260692,0.091609374,-2.5502284,0.091609374,-1.4943936,0.091609374,-1.3176998
0.091679201,-1.4221872,0.091679201,-2.5463464,0.091679201,-1.4904161,0.091679201,-1.3139303
0.09174902,-1.4183205,0.09174902,-2.5424798,0.09174902,-1.4864533,0.09174902,-1.3101773
0.091818847,-1.4144693,0.091818847,-2.5386286,0.091818847,-1.4825053,0.091818847,-1.3064408
0.091888674,-1.4106336,0.091888674,-2.5347929,0.091888674,-1.4785721,0.091888674,-1.302721
0.091958493,-1.4068135,0.091958493,-2.5309727,0.091958493,-1.4746537,0.091958493,-1.2990179
0.09202832,-1.403009,0.09202832,-2.5271682,0.09202832,-1.4707503,0.09202832,-1.2953315
0.092098147,-1.3992201,0.092098147,-2.5233794,0.092098147,-1.4668618,0.092098147,-1.2916621
0.092167966,-1.395447,0.092167966,-2.5196063,0.092167966,-1.4629883,0.092167966,-1.2880097
0.092237793,-1.3916897,0.092237793,-2.5158489,0.092237793,-1.4591299,0.092237793,-1.2843744
0.09230762,-1.3879483,0.09230762,-2.5121075,0.09230762,-1.4552867,0.09230762,-1.2807563
0.092377439,-1.3842227,0.092377439,-2.508382,0.092377439,-1.4514585,0.092377439,-1.2771555
0.092447266,-1.3805132,0.092447266,-2.5046724,0.092447266,-1.4476456,0.092447266,-1.2735721
0.092517093,-1.3768197,0.092517093,-2.5009789,0.092517093,-1.443848,0.092517093,-1.2700063
0.092586912,-1.3731423,0.092586912,-2.4973016,0.092586912,-1.4400657,0.092586912,-1.2664582
0.092656739,-1.3694811,0.092656739,-2.4936404,0.092656739,-1.4362988,0.092656739,-1.2629278
0.092726566,-1.3658362,0.092726566,-2.4899954,0.092726566,-1.4325473,0.092726566,-1.2594154
0.092796385,-1.3622075,0.092796385,-2.4863668,0.092796385,-1.4288113,0.092796385,-1.2559211
0.092866212,-1.3585953,0.092866212,-2.4827545,0.092866212,-1.4250908,0.092866212,-1.252445
0.092936032,-1.3549995,0.092936032,-2.4791587,0.092936032,-1.421386,0.092936032,-1.2489873
0.093005858,-1.3514202,0.093005858,-2.4755794,0.093005858,-1.4176968,0.093005858,-1.2455482
0.093075685,-1.3478575,0.093075685,-2.4720167,0.093075685,-1.4140233,0.093075685,-1.2421277
0.093145505,-1.3443115,0.093145505,-2.4684707,0.093145505,-1.4103656,0.093145505,-1.2387262
0.093215331,-1.3407822,0.093215331,-2.4649414,0.093215331,-1.4067237,0.093215331,-1.2353439
0.093285158,-1.3372697,0.093285158,-2.4614289,0.093285158,-1.4030977,0.093285158,-1.2319808
0.093354978,-1.3337741,0.093354978,-2.4579333,0.093354978,-1.3994877,0.093354978,-1.2286373
0.093424805,-1.3302954,0.093424805,-2.4544546,0.093424805,-1.3958936,0.093424805,-1.2253136
0.093494631,-1.3268338,0.093494631,-2.450993,0.093494631,-1.3923157,0.093494631,-1.22201
0.093564451,-1.3233893,0.093564451,-2.4475485,0.093564451,-1.3887538,0.093564451,-1.2187267
0.093634278,-1.3199619,0.093634278,-2.4441212,0.093634278,-1.3852082,0.093634278,-1.215464
0.093704104,-1.3165519,0.093704104,-2.4407111,0.093704104,-1.3816788,0.093704104,-1.2122222
0.093773924,-1.3131592,0.093773924,-2.4373184,0.093773924,-1.3781658,0.093773924,-1.2090017
0.093843751,-1.3097839,0.093843751,-2.4339431,0.093843751,-1.3746691,0.093843751,-1.2058029
0.093913577,-1.3064261,0.093913577,-2.4305853,0.093913577,-1.3711889,0.093913577,-1.2026261
0.093983397,-1.3030859,0.093983397,-2.4272451,0.093983397,-1.3677252,0.093983397,-1.1994717
0.094053224,-1.2997633,0.094053224,-2.4239226,0.094053224,-1.3642781,0.094053224,-1.1963403
0.094123051,-1.2964586,0.094123051,-2.4206178,0.094123051,-1.3608476,0.094123051,-1.1932323
0.09419287,-1.2931717,0.09419287,-2.4173309,0.09419287,-1.3574338,0.09419287,-1.1901481
0.094262697,-1.2899027,0.094262697,-2.4140619,0.094262697,-1.3540369,0.094262697,-1.1870885
0.094332516,-1.2866517,0.094332516,-2.410811,0.094332516,-1.3506567,0.094332516,-1.1840539
0.094402343,-1.2834189,0.094402343,-2.4075781,0.094402343,-1.3472936,0.094402343,-1.1810451
0.09447217,-1.2802042,0.09447217,-2.4043635,0.09447217,-1.3439474,0.09447217,-1.1780627
0.094541989,-1.2770079,0.094541989,-2.4011671,0.094541989,-1.3406182,0.094541989,-1.1751074
0.094611816,-1.27383,0.094611816,-2.3979892,0.094611816,-1.3373062,0.094611816,-1.1721801
0.094681643,-1.2706705,0.094681643,-2.3948297,0.094681643,-1.3340114,0.094681643,-1.1692817
0.094751462,-1.2675296,0.094751462,-2.3916889,0.094751462,-1.3307339,0.094751462,-1.166413
0.094821289,-1.2644074,0.094821289,-2.3885667,0.094821289,-1.3274738,0.094821289,-1.1635749
0.094891116,-1.261304,0.094891116,-2.3854633,0.094891116,-1.3242311,0.094891116,-1.1607686
0.094960935,-1.2582195,0.094960935,-2.3823787,0.094960935,-1.3210059,0.094960935,-1.157995
0.095030762,-1.255154,0.095030762,-2.3793132,0.095030762,-1.3177983,0.095030762,-1.1552555
0.095100589,-1.2521075,0.095100589,-2.3762668,0.095100589,-1.3146084,0.095100589,-1.152551
0.095170408,-1.2490803,0.095170408,-2.3732395,0.095170408,-1.3114362,0.095170408,-1.149883
0.095240235,-1.2460723,0.095240235,-2.3702316,0.095240235,-1.3082818,0.095240235,-1.1472527
0.095310062,-1.2430838,0.095310062,-2.3672431,0.095310062,-1.3051453,0.095310062,-1.1446616
0.095379882,-1.2401148,0.095379882,-2.3642741,0.095379882,-1.3020269,0.095379882,-1.1421109
0.095449708,-1.2371655,0.095449708,-2.3613247,0.095449708,-1.2989265,0.095449708,-1.1396024
0.095519528,-1.2342359,0.095519528,-2.3583951,0.095519528,-1.2958443,0.095519528,-1.1371373
0.095589355,-1.2313262,0.095589355,-2.3554854,0.095589355,-1.2927803,0.095589355,-1.1347173
0.095659181,-1.2284365,0.095659181,-2.3525957,0.095659181,-1.2897346,0.095659181,-1.1323439
0.095729001,-1.2255668,0.095729001,-2.3497261,0.095729001,-1.2867074,0.095729001,-1.1300187
0.095798828,-1.2227175,0.095798828,-2.3468767,0.095798828,-1.2836986,0.095798828,-1.1277432
0.095868655,-1.2198885,0.095868655,-2.3440477,0.095868655,-1.2807085,0.095868655,-1.125519
0.095938474,-1.2170799,0.095938474,-2.3412392,0.095938474,-1.277737,0.095938474,-1.1233475
0.096008301,-1.214292,0.096008301,-2.3384512,0.096008301,-1.2747843,0.096008301,-1.1212303
0.096078128,-1.2115249,0.096078128,-2.3356841,0.096078128,-1.2718505,0.096078128,-1.1191687
0.096147947,-1.2087786,0.096147947,-2.3329378,0.096147947,-1.2689356,0.096147947,-1.117164
0.096217774,-1.2060533,0.096217774,-2.3302126,0.096217774,-1.2660398,0.096217774,-1.1152173
0.096287601,-1.2033492,0.096287601,-2.3275085,0.096287601,-1.2631632,0.096287601,-1.1133298
0.09635742,-1.2006665,0.09635742,-2.3248257,0.09635742,-1.2603058,0.09635742,-1.1115023
0.096427247,-1.1980051,0.096427247,-2.3221643,0.096427247,-1.2574678,0.096427247,-1.1097356
0.096497074,-1.1953654,0.096497074,-2.3195246,0.096497074,-1.2546492,0.096497074,-1.1080303
0.096566893,-1.1927474,0.096566893,-2.3169066,0.096566893,-1.2518501,0.096566893,-1.1063868
0.09663672,-1.1901512,0.09663672,-2.3143105,0.09663672,-1.2490707,0.09663672,-1.1048053
0.096706539,-1.1875772,0.096706539,-2.3117364,0.096706539,-1.2463111,0.096706539,-1.1032859
0.096776366,-1.1850253,0.096776366,-2.3091846,0.096776366,-1.2435713,0.096776366,-1.1018283
0.096846193,-1.1824959,0.096846193,-2.3066551,0.096846193,-1.2408515,0.096846193,-1.1004322
0.096916012,-1.1799889,0.096916012,-2.3041482,0.096916012,-1.2381518,0.096916012,-1.0990969
0.096985839,-1.1775047,0.096985839,-2.3016639,0.096985839,-1.2354723,0.096985839,-1.0978218
0.097055666,-1.1750433,0.097055666,-2.2992026,0.097055666,-1.232813,0.097055666,-1.0966057
0.097125486,-1.172605,0.097125486,-2.2967643,0.097125486,-1.2301742,0.097125486,-1.0954476
0.097195312,-1.17019,0.097195312,-2.2943492,0.097195312,-1.2275559,0.097195312,-1.0943462
0.097265139,-1.1677983,0.097265139,-2.2919576,0.097265139,-1.2249583,0.097265139,-1.0933
0.097334959,-1.1654303,0.097334959,-2.2895895,0.097334959,-1.2223814,0.097334959,-1.0923074
0.097404785,-1.1630861,0.097404785,-2.2872453,0.097404785,-1.2198254,0.097404785,-1.0913668
0.097474612,-1.1607658,0.097474612,-2.284925,0.097474612,-1.2172904,0.097474612,-1.0904763
0.097544432,-1.1584697,0.097544432,-2.282629,0.097544432,-1.2147765,0.097544432,-1.0896341
0.097614259,-1.1561981,0.097614259,-2.2803573,0.097614259,-1.2122838,0.097614259,-1.0888384
0.097684085,-1.153951,0.097684085,-2.2781103,0.097684085,-1.2098126,0.097684085,-1.088087
0.097753905,-1.1517288,0.097753905,-2.275888,0.097753905,-1.2073628,0.097753905,-1.0873782
0.097823732,-1.1495316,0.097823732,-2.2736908,0.097823732,-1.2049347,0.097823732,-1.0867099
0.097893551,-1.1473597,0.097893551,-2.2715189,0.097893551,-1.2025283,0.097893551,-1.0860801
0.097963378,-1.1452132,0.097963378,-2.2693725,0.097963378,-1.2001438,0.097963378,-1.0854869
0.098033205,-1.1430925,0.098033205,-2.2672518,0.098033205,-1.1977813,0.098033205,-1.0849284
0.098103024,-1.1409978,0.098103024,-2.265157,0.098103024,-1.195441,0.098103024,-1.0844027
0.098172851,-1.1389293,0.098172851,-2.2630885,0.098172851,-1.193123,0.098172851,-1.083908
0.098242678,-1.1368873,0.098242678,-2.2610465,0.098242678,-1.1908275,0.098242678,-1.0834426
0.098312497,-1.134872,0.098312497,-2.2590312,0.098312497,-1.1885545,0.098312497,-1.0830047
0.098382324,-1.1328837,0.098382324,-2.2570429,0.098382324,-1.1863042,0.098382324,-1.0825927
0.098452151,-1.1309227,0.098452151,-2.2550819,0.098452151,-1.1840769,0.098452151,-1.0822051
0.09852197,-1.1289892,0.09852197,-2.2531484,0.09852197,-1.1818725,0.09852197,-1.0818404
0.098591797,-1.1270836,0.098591797,-2.2512428,0.098591797,-1.1796914,0.098591797,-1.081497
0.098661624,-1.1252061,0.098661624,-2.2493654,0.098661624,-1.1775335,0.098661624,-1.0811738
0.098731443,-1.1233571,0.098731443,-2.2475164,0.098731443,-1.1753992,0.098731443,-1.0808693
0.09880127,-1.1215369,0.09880127,-2.2456961,0.09880127,-1.1732884,0.09880127,-1.0805825
0.098871097,-1.1197458,0.098871097,-2.243905,0.098871097,-1.1712015,0.098871097,-1.0803121
0.098940916,-1.1179841,0.098940916,-2.2421433,0.098940916,-1.1691386,0.098940916,-1.0800571
0.099010743,-1.1162522,0.099010743,-2.2404114,0.099010743,-1.1670997,0.099010743,-1.0798164
0.09908057,-1.1145504,0.09908057,-2.2387096,0.09908057,-1.1650852,0.09908057,-1.0795892
0.099150389,-1.1128791,0.099150389,-2.2370383,0.099150389,-1.1630951,0.099150389,-1.0793745
0.099220216,-1.1112387,0.099220216,-2.2353979,0.099220216,-1.1611297,0.099220216,-1.0791715
0.099290036,-1.1096296,0.099290036,-2.2337888,0.099290036,-1.159189,0.099290036,-1.0789794
0.099359863,-1.1080521,0.099359863,-2.2322113,0.099359863,-1.1572733,0.099359863,-1.0787975
0.099429689,-1.1065067,0.099429689,-2.230666,0.099429689,-1.1553828,0.099429689,-1.078625
0.099499509,-1.1049939,0.099499509,-2.2291531,0.099499509,-1.1535176,0.099499509,-1.0784614
0.099569336,-1.103514,0.099569336,-2.2276732,0.099569336,-1.1516779,0.099569336,-1.078306
0.099639162,-1.1020676,0.099639162,-2.2262268,0.099639162,-1.149864,0.099639162,-1.0781584
0.099708982,-1.100655,0.099708982,-2.2248142,0.099708982,-1.1480759,0.099708982,-1.0780179
0.099778809,-1.0992769,0.099778809,-2.2234361,0.099778809,-1.1463139,0.099778809,-1.077884
0.099848635,-1.0979336,0.099848635,-2.2220929,0.099848635,-1.1445781,0.099848635,-1.0777564
0.099918455,-1.0966259,0.099918455,-2.2207851,0.099918455,-1.1428688,0.099918455,-1.0776346
0.099988282,-1.0953541,0.099988282,-2.2195133,0.099988282,-1.1411861,0.099988282,-1.0775182
0.10005811,-1.0941189,0.10005811,-2.2182782,0.10005811,-1.1395303,0.10005811,-1.0774068
0.10012793,-1.092921,0.10012793,-2.2170802,0.10012793,-1.1379015,0.10012793,-1.0773
0.10019775,-1.0917608,0.10019775,-2.21592,0.10019775,-1.1363,0.10019775,-1.0771976
0.10026758,-1.0906391,0.10026758,-2.2147983,0.10026758,-1.1347259,0.10026758,-1.0770993
0.1003374,-1.0895565,0.1003374,-2.2137157,0.1003374,-1.1331795,0.1003374,-1.0770047
0.10040723,-1.0885137,0.10040723,-2.212673,0.10040723,-1.1316609,0.10040723,-1.0769136
0.10047705,-1.0875116,0.10047705,-2.2116708,0.10047705,-1.1301704,0.10047705,-1.0768257
0.10054687,-1.0865508,0.10054687,-2.2107101,0.10054687,-1.1287081,0.10054687,-1.0767408
0.1006167,-1.0856322,0.1006167,-2.2097915,0.1006167,-1.1272744,0.1006167,-1.0766587
0.10068652,-1.0847566,0.10068652,-2.2089159,0.10068652,-1.1258693,0.10068652,-1.0765791
0.10075635,-1.083925,0.10075635,-2.2080842,0.10075635,-1.124493,0.10075635,-1.0765019
0.10082617,-1.0831381,0.10082617,-2.2072974,0.10082617,-1.1231459,0.10082617,-1.0764268
0.10089599,-1.0823972,0.10089599,-2.2065564,0.10089599,-1.1218281,0.10089599,-1.0763538
0.10096582,-1.081703,0.10096582,-2.2058623,0.10096582,-1.1205398,0.10096582,-1.0762825
0.10103565,-1.0810568,0.10103565,-2.2052161,0.10103565,-1.1192812,0.10103565,-1.0762128
0.10110547,-1.0804598,0.10110547,-2.204619,0.10110547,-1.1180525,0.10110547,-1.0761447
0.10117529,-1.079913,0.10117529,-2.2040723,0.10117529,-1.1168539,0.10117529,-1.0760778
0.10124512,-1.0794179,0.10124512,-2.2035771,0.10124512,-1.1156857,0.10124512,-1.0760121
0.10131494,-1.0789757,0.10131494,-2.2031349,0.10131494,-1.114548,0.10131494,-1.0759474
0.10138477,-1.0785879,0.10138477,-2.2027471,0.10138477,-1.113441,0.10138477,-1.0758836
0.10145459,-1.0782561,0.10145459,-2.2024153,0.10145459,-1.1123649,0.10145459,-1.0758206
0.10152441,-1.0779818,0.10152441,-2.202141,0.10152441,-1.1113198,0.10152441,-1.0757581
0.10159424,-1.0777669,0.10159424,-2.2019261,0.10159424,-1.110306,0.10159424,-1.075696
0.10166406,-1.0776131,0.10166406,-2.2017723,0.10166406,-1.1093236,0.10166406,-1.0756343
0.10173389,-1.0775225,0.10173389,-2.2016817,0.10173389,-1.1083728,0.10173389,-1.0755726
0.10180371,-1.0774972,0.10180371,-2.2016565,0.10180371,-1.1074537,0.10180371,-1.075511
0.10187353,-1.0775396,0.10187353,-2.2016988,0.10187353,-1.1065665,0.10187353,-1.0754492
0.10194336,-1.077652,0.10194336,-2.2018112,0.10194336,-1.1057112,0.10194336,-1.0753871
0.10201319,-1.0778371,0.10201319,-2.2019964,0.10201319,-1.1048879,0.10201319,-1.0753245
0.10208301,-1.078098,0.10208301,-2.2022572,0.10208301,-1.1040969,0.10208301,-1.0752611
0.10215283,-1.0784376,0.10215283,-2.2025968,0.10215283,-1.103338,0.10215283,-1.0751969
0.10222266,-1.0788594,0.10222266,-2.2030186,0.10222266,-1.1026114,0.10222266,-1.0751316
0.10229248,-1.0793672,0.10229248,-2.2035264,0.10229248,-1.1019171,0.10229248,-1.0750649
0.1023623,-1.079965,0.1023623,-2.2041242,0.1023623,-1.1012551,0.1023623,-1.0749966
0.10243213,-1.0806573,0.10243213,-2.2048166,0.10243213,-1.1006253,0.10243213,-1.0749263
0.10250195,-1.0814492,0.10250195,-2.2056084,0.10250195,-1.1000277,0.10250195,-1.0748538
0.10257178,-1.082346,0.10257178,-2.2065052,0.10257178,-1.0994622,0.10257178,-1.0747787
0.1026416,-1.0833539,0.1026416,-2.2075132,0.1026416,-1.0989285,0.1026416,-1.0747006
0.10271142,-1.0844798,0.10271142,-2.208639,0.10271142,-1.0984266,0.10271142,-1.0746189
0.10278125,-1.0857312,0.10278125,-2.2098905,0.10278125,-1.0979562,0.10278125,-1.0745331
0.10285108,-1.0871169,0.10285108,-2.2112762,0.10285108,-1.0975169,0.10285108,-1.0744424
0.1029209,-1.0886467,0.1029209,-2.2128059,0.1029209,-1.0971085,0.1029209,-1.0743462
0.10299072,-1.0903317,0.10299072,-2.2144909,0.10299072,-1.0967305,0.10299072,-1.0742434
0.103,-1.0905682,0.103,-2.2147275,0.103,-1.0966825,0.103,-1.0742292
0.103,-1.0905682,0.103,-2.2147275,0.103,-1.0966825,0.103,-1.0742292
0.10306054,-1.0921857,0.10306054,-2.2163449,0.10306054,-1.0961099,0.10306054,-1.0740547
0.10313037,-1.0935198,0.10313037,-2.217679,0.10313037,-1.0895336,0.10313037,-1.0729149
0.1032002,-1.0943512,0.1032002,-2.2185104,0.1032002,-1.0844911,0.1032002,-1.0716703
0.10327002,-1.094744,0.10327002,-2.2189032,0.10327002,-1.0803648,0.10327002,-1.0703307
0.10333984,-1.0947584,0.10333984,-2.2189176,0.10333984,-1.0768335,0.10333984,-1.0689063
0.10340967,-1.0944497,0.10340967,-2.2186089,0.10340967,-1.0737103,0.10340967,-1.0674077
0.10347949,-1.0938674,0.10347949,-2.2180266,0.10347949,-1.0708783,0.10347949,-1.0658448
0.10354932,-1.0930552,0.10354932,-2.2172144,0.10354932,-1.0682596,0.10354932,-1.0642269
0.10361914,-1.0920511,0.10361914,-2.2162103,0.10361914,-1.0658008,0.10361914,-1.0625625
0.10368896,-1.0908875,0.10368896,-2.2150467,0.10368896,-1.0634638,0.10368896,-1.060859
0.10375879,-1.0895921,0.10375879,-2.2137514,0.10375879,-1.0612206,0.10375879,-1.0591228
0.10382862,-1.0881882,0.10382862,-2.2123474,0.10382862,-1.0590505,0.10382862,-1.0573596
0.10389844,-1.0866951,0.10389844,-2.2108543,0.10389844,-1.0569376,0.10389844,-1.0555739
0.10396826,-1.0851289,0.10396826,-2.2092882,0.10396826,-1.0548701,0.10396826,-1.0537699
0.10403809,-1.0835031,0.10403809,-2.2076623,0.10403809,-1.0528385,0.10403809,-1.0519507
0.10410791,-1.0818286,0.10410791,-2.2059878,0.10410791,-1.0508355,0.10410791,-1.0501191
0.10417774,-1.0801143,0.10417774,-2.2042736,0.10417774,-1.0488553,0.10417774,-1.0482774
0.10424756,-1.0783678,0.10424756,-2.2025271,0.10424756,-1.0468935,0.10424756,-1.0464274
0.10431738,-1.076595,0.10431738,-2.2007543,0.10431738,-1.0449464,0.10431738,-1.0445707
0.10438721,-1.0748009,0.10438721,-2.1989601,0.10438721,-1.0430111,0.10438721,-1.0427086
0.10445703,-1.0729895,0.10445703,-2.1971487,0.10445703,-1.0410853,0.10445703,-1.040842
0.10452686,-1.071164,0.10452686,-2.1953232,0.10452686,-1.0391672,0.10452686,-1.0389718
0.10459668,-1.069327,0.10459668,-2.1934863,0.10459668,-1.0372554,0.10459668,-1.0370986
0.1046665,-1.0674809,0.1046665,-2.1916401,0.1046665,-1.0353485,0.1046665,-1.0352231
0.10473633,-1.0656272,0.10473633,-2.1897864,0.10473633,-1.0334457,0.10473633,-1.0333456
0.10480615,-1.0637674,0.10480615,-2.1879266,0.10480615,-1.0315461,0.10480615,-1.0314666
0.10487597,-1.0619027,0.10487597,-2.186062,0.10487597,-1.0296492,0.10487597,-1.0295863
0.1049458,-1.060034,0.1049458,-2.1841933,0.1049458,-1.0277544,0.1049458,-1.027705
0.10501563,-1.0581621,0.10501563,-2.1823214,0.10501563,-1.0258613,0.10501563,-1.0258228
0.10508545,-1.0562876,0.10508545,-2.1804468,0.10508545,-1.0239697,0.10508545,-1.02394
0.10515527,-1.0544109,0.10515527,-2.1785702,0.10515527,-1.0220791,0.10515527,-1.0220566
0.1052251,-1.0525326,0.1052251,-2.1766918,0.1052251,-1.0201895,0.1052251,-1.0201728
0.10529492,-1.0506528,0.10529492,-2.174812,0.10529492,-1.0183006,0.10529492,-1.0182886
0.10536475,-1.0487719,0.10536475,-2.1729311,0.10536475,-1.0164124,0.10536475,-1.0164041
0.10543457,-1.0468901,0.10543457,-2.1710493,0.10543457,-1.0145246,0.10543457,-1.0145194
0.10550439,-1.0450075,0.10550439,-2.1691667,0.10550439,-1.0126372,0.10550439,-1.0126345
0.10557422,-1.0431243,0.10557422,-2.1672836,0.10557422,-1.0107501,0.10557422,-1.0107495
0.10564404,-1.0412407,0.10564404,-2.1653999,0.10564404,-1.0088633,0.10564404,-1.0088643
0.10571387,-1.0393567,0.10571387,-2.1635159,0.10571387,-1.0069767,0.10571387,-1.006979
0.10578369,-1.0374723,0.10578369,-2.1616315,0.10578369,-1.0050903,0.10578369,-1.0050936
0.10585351,-1.0355877,0.10585351,-2.1597469,0.10585351,-1.003204,0.10585351,-1.0032082
0.10592334,-1.0337029,0.10592334,-2.1578621,0.10592334,-1.0013178,0.10592334,-1.0013227
0.10599317,-1.0318179,0.10599317,-2.1559771,0.10599317,-0.99943169,0.10599317,-0.99943718
0.10606299,-1.0299328,0.10606299,-2.154092,0.10606299,-0.99754567,0.10606299,-0.99755161
0.10613281,-1.0280476,0.10613281,-2.1522068,0.10613281,-0.99565971,0.10613281,-0.99566601
0.10620263,-1.0261622,0.10620263,-2.1503214,0.10620263,-0.99377381,0.10620263,-0.99378038
0.10627246,-1.0242768,0.10627246,-2.148436,0.10627246,-0.99188791,0.10627246,-0.99189476
0.10630737,-1.0233341,0.10630737,-2.1474933,0.10630737,-0.990945,0.10630737,-0.99095192
0.10641211,-1.0205058,0.10641211,-2.1446651,0.10641211,-0.98811625,0.10641211,-0.98812343
0.10648194,-1.0186202,0.10648194,-2.1427795,0.10648194,-0.98623046,0.10648194,-0.98623774
0.10669141,-1.0129635,0.10669141,-2.1371227,0.10669141,-0.98057312,0.10669141,-0.98058068
0.10683105,-1.0091921,0.10683105,-2.1333513,0.10683105,-0.97680165,0.10683105,-0.97680927
0.10725,-0.99787799,0.10725,-2.1220372,0.10725,-0.96548722,0.10725,-0.96549502
0.10808789,-0.97524941,0.10808789,-2.0994086,0.10808789,-0.94285858,0.10808789,-0.94286643
0.10836719,-0.96770655,0.10836719,-2.0918658,0.10836719,-0.9353157,0.10836719,-0.93532356
0.10850684,-0.96393512,0.10850684,-2.0880943,0.10850684,-0.93154427,0.10850684,-0.93155213
0.10948437,-0.93753508,0.10948437,-2.0616943,0.10948437,-0.90514423,0.10948437,-0.90515209
0.10976367,-0.92999221,0.10976367,-2.0541514,0.10976367,-0.89760136,0.10976367,-0.89760922
0.11171875,-0.87719213,0.11171875,-2.0013514,0.11171875,-0.84480128,0.11171875,-0.84480914
0.11227734,-0.86210639,0.11227734,-1.9862656,0.11227734,-0.82971554,0.11227734,-0.8297234
0.1161875,-0.75650623,0.1161875,-1.8806655,0.1161875,-0.72411538,0.1161875,-0.72412324
0.11730469,-0.72633476,0.11730469,-1.850494,0.11730469,-0.6939439,0.11730469,-0.69395176
0.12512501,-0.51513444,0.12512501,-1.6392937,0.12512501,-0.48274359,0.12512501,-0.48275144
0.12735938,-0.45479148,0.12735938,-1.5789507,0.12735938,-0.42240063,0.12735938,-0.42240751
0.14300001,-0.032390852,0.14300001,-1.1565501,0.14300001,-2.1813125e-16,0.14300001,0

