N1_contact TotalCurrent(n49_TLPn49_des) X,N1_contact TotalCurrent(n49_TLPn49_des) Y,N1_contact TotalCurrent(n50_TLPn50_des) X,N1_contact TotalCurrent(n50_TLPn50_des) Y,N1_contact TotalCurrent(n51_TLPn51_des) X,N1_contact TotalCurrent(n51_TLPn51_des) Y,N1_contact TotalCurrent(n52_TLPn52_des) X,N1_contact TotalCurrent(n52_TLPn52_des) Y,N1_contact TotalCurrent(n53_TLPn53_des) X,N1_contact TotalCurrent(n53_TLPn53_des) Y,N1_contact TotalCurrent(n54_TLPn54_des) X,N1_contact TotalCurrent(n54_TLPn54_des) Y,N1_contact TotalCurrent(n296_TLPn296_des) X,N1_contact TotalCurrent(n296_TLPn296_des) Y,N1_contact TotalCurrent(n309_TLPn309_des) X,N1_contact TotalCurrent(n309_TLPn309_des) Y,N1_contact TotalCurrent(n322_TLPn322_des) X,N1_contact TotalCurrent(n322_TLPn322_des) Y,N1_contact TotalCurrent(n335_TLPn335_des) X,N1_contact TotalCurrent(n335_TLPn335_des) Y,N1_contact TotalCurrent(n348_TLPn348_des) X,N1_contact TotalCurrent(n348_TLPn348_des) Y,N1_contact TotalCurrent(n361_TLPn361_des) X,N1_contact TotalCurrent(n361_TLPn361_des) Y,N1_contact TotalCurrent(n374_TLPn374_des) X,N1_contact TotalCurrent(n374_TLPn374_des) Y,N1_contact TotalCurrent(n387_TLPn387_des) X,N1_contact TotalCurrent(n387_TLPn387_des) Y,N1_contact TotalCurrent(n400_TLPn400_des) X,N1_contact TotalCurrent(n400_TLPn400_des) Y,N1_contact TotalCurrent(n413_TLPn413_des) X,N1_contact TotalCurrent(n413_TLPn413_des) Y,N1_contact TotalCurrent(n426_TLPn426_des) X,N1_contact TotalCurrent(n426_TLPn426_des) Y,N1_contact TotalCurrent(n439_TLPn439_des) X,N1_contact TotalCurrent(n439_TLPn439_des) Y,N1_contact TotalCurrent(n452_TLPn452_des) X,N1_contact TotalCurrent(n452_TLPn452_des) Y,N1_contact TotalCurrent(n465_TLPn465_des) X,N1_contact TotalCurrent(n465_TLPn465_des) Y,N1_contact TotalCurrent(n478_TLPn478_des) X,N1_contact TotalCurrent(n478_TLPn478_des) Y,N1_contact TotalCurrent(n491_TLPn491_des) X,N1_contact TotalCurrent(n491_TLPn491_des) Y,N1_contact TotalCurrent(n606_TLPn606_des) X,N1_contact TotalCurrent(n606_TLPn606_des) Y,N1_contact TotalCurrent(n608_TLPn608_des) X,N1_contact TotalCurrent(n608_TLPn608_des) Y,N1_contact TotalCurrent(n610_TLPn610_des) X,N1_contact TotalCurrent(n610_TLPn610_des) Y,N1_contact TotalCurrent(n612_TLPn612_des) X,N1_contact TotalCurrent(n612_TLPn612_des) Y,N1_contact TotalCurrent(n614_TLPn614_des) X,N1_contact TotalCurrent(n614_TLPn614_des) Y,N1_contact TotalCurrent(n616_TLPn616_des) X,N1_contact TotalCurrent(n616_TLPn616_des) Y,N1_contact TotalCurrent(n618_TLPn618_des) X,N1_contact TotalCurrent(n618_TLPn618_des) Y,N1_contact Temperature(n49_TLPn49_des) X,N1_contact Temperature(n49_TLPn49_des) Y,N1_contact Temperature(n50_TLPn50_des) X,N1_contact Temperature(n50_TLPn50_des) Y,N1_contact Temperature(n51_TLPn51_des) X,N1_contact Temperature(n51_TLPn51_des) Y,N1_contact Temperature(n52_TLPn52_des) X,N1_contact Temperature(n52_TLPn52_des) Y,N1_contact Temperature(n53_TLPn53_des) X,N1_contact Temperature(n53_TLPn53_des) Y,N1_contact Temperature(n54_TLPn54_des) X,N1_contact Temperature(n54_TLPn54_des) Y,N1_contact Temperature(n296_TLPn296_des) X,N1_contact Temperature(n296_TLPn296_des) Y,N1_contact Temperature(n309_TLPn309_des) X,N1_contact Temperature(n309_TLPn309_des) Y,N1_contact Temperature(n322_TLPn322_des) X,N1_contact Temperature(n322_TLPn322_des) Y,N1_contact Temperature(n335_TLPn335_des) X,N1_contact Temperature(n335_TLPn335_des) Y,N1_contact Temperature(n348_TLPn348_des) X,N1_contact Temperature(n348_TLPn348_des) Y,N1_contact Temperature(n361_TLPn361_des) X,N1_contact Temperature(n361_TLPn361_des) Y,N1_contact Temperature(n374_TLPn374_des) X,N1_contact Temperature(n374_TLPn374_des) Y,N1_contact Temperature(n387_TLPn387_des) X,N1_contact Temperature(n387_TLPn387_des) Y,N1_contact Temperature(n400_TLPn400_des) X,N1_contact Temperature(n400_TLPn400_des) Y,N1_contact Temperature(n413_TLPn413_des) X,N1_contact Temperature(n413_TLPn413_des) Y,N1_contact Temperature(n426_TLPn426_des) X,N1_contact Temperature(n426_TLPn426_des) Y,N1_contact Temperature(n439_TLPn439_des) X,N1_contact Temperature(n439_TLPn439_des) Y,N1_contact Temperature(n452_TLPn452_des) X,N1_contact Temperature(n452_TLPn452_des) Y,N1_contact Temperature(n465_TLPn465_des) X,N1_contact Temperature(n465_TLPn465_des) Y,N1_contact Temperature(n478_TLPn478_des) X,N1_contact Temperature(n478_TLPn478_des) Y,N1_contact Temperature(n491_TLPn491_des) X,N1_contact Temperature(n491_TLPn491_des) Y,N1_contact Temperature(n606_TLPn606_des) X,N1_contact Temperature(n606_TLPn606_des) Y,N1_contact Temperature(n608_TLPn608_des) X,N1_contact Temperature(n608_TLPn608_des) Y,N1_contact Temperature(n610_TLPn610_des) X,N1_contact Temperature(n610_TLPn610_des) Y,N1_contact Temperature(n612_TLPn612_des) X,N1_contact Temperature(n612_TLPn612_des) Y,N1_contact Temperature(n614_TLPn614_des) X,N1_contact Temperature(n614_TLPn614_des) Y,N1_contact Temperature(n616_TLPn616_des) X,N1_contact Temperature(n616_TLPn616_des) Y,N1_contact Temperature(n618_TLPn618_des) X,N1_contact Temperature(n618_TLPn618_des) Y
-0.00051664,4.30E-18,-2.10E-05,1.00E-10,0.004439176,1.00E-09,0.049004077,1.00E-08,0.068786608,1.40E-08,0.088552363,1.80E-08,-0.000511684,1.00E-12,-0.000467078,1.00E-11,0.009394212,2.00E-09,0.01434845,3.00E-09,0.019301868,4.00E-09,0.024254449,5.00E-09,0.029206171,6.00E-09,0.034157016,7.00E-09,0.039106962,8.00E-09,0.044055989,9.00E-09,0.053951205,1.10E-08,0.05889735,1.20E-08,0.063842492,1.30E-08,0.073729675,1.50E-08,0.078671673,1.60E-08,0.083612576,1.70E-08,0.093491009,1.90E-08,0.098428489,2.00E-08,0.10336478,2.10E-08,0.10829986,2.20E-08,0.11323369,2.30E-08,0.11816626,2.40E-08,0.12309753,2.50E-08,-0.00051664,300,-2.10E-05,300,0.004439176,300,0.049004077,300,0.068786608,300,0.088552363,300,-0.000511684,300,-0.000467078,300,0.009394212,300,0.01434845,300,0.019301868,300,0.024254449,300,0.029206171,300,0.034157016,300,0.039106962,300,0.044055989,300,0.053951205,300,0.05889735,300,0.063842492,300,0.073729675,300,0.078671673,300,0.083612576,300,0.093491009,300,0.098428489,300,0.10336478,300,0.10829986,300,0.11323369,300,0.11816626,300,0.12309753,300
-0.000516547,-1.86E-17,0.001287335,2.20E-10,0.01751758,2.20E-09,0.17919942,2.20E-08,0.25052575,3.08E-08,0.32127177,3.96E-08,-0.000498508,2.20E-12,-0.000336154,2.20E-11,0.035540684,4.40E-09,0.053551797,6.60E-09,0.071549899,8.80E-09,0.089533917,1.10E-08,0.10750271,1.32E-08,0.12545506,1.54E-08,0.14338963,1.76E-08,0.16130496,1.98E-08,0.19707115,2.42E-08,0.21491795,2.64E-08,0.23273722,2.86E-08,0.26827952,3.30E-08,0.28599335,3.52E-08,0.30366045,3.74E-08,0.33881514,4.18E-08,0.13689753,2.60E-08,0.14374456,2.73E-08,0.15058885,2.86E-08,0.15743031,2.99E-08,0.16426887,3.12E-08,0.17110444,3.25E-08,-0.000516547,300,0.001287335,300,0.01751758,300,0.17919942,300,0.25052575,300,0.32127177,300,-0.000498508,300,-0.000336154,300,0.035540684,300,0.053551797,300,0.071549899,300,0.089533917,300,0.10750271,300,0.12545506,300,0.14338963,300,0.16130496,300,0.19707115,300,0.21491795,300,0.23273722,300,0.26827952,300,0.28599335,300,0.30366045,300,0.33881514,300,0.13689753,300,0.14374456,300,0.15058885,300,0.15743031,300,0.16426887,300,0.17110444,300
-0.000516543,6.15E-17,0.003884592,3.64E-10,0.043465513,3.64E-09,0.43086534,3.64E-08,0.55948296,5.10E-08,0.62141719,6.55E-08,-0.000472528,3.64E-12,-7.64E-05,3.64E-11,0.0873733,7.28E-09,0.13119078,1.09E-08,0.17489864,1.46E-08,0.21847133,1.82E-08,0.26187033,2.18E-08,0.30502832,2.55E-08,0.34781274,2.91E-08,0.38994692,3.28E-08,0.46954257,4.00E-08,0.50454633,4.37E-08,0.53463396,4.73E-08,0.57968495,5.46E-08,0.59618605,5.82E-08,0.6098679,6.19E-08,0.631336,6.92E-08,0.19567373,3.32E-08,0.20542568,3.49E-08,0.2151704,3.65E-08,0.22490754,3.82E-08,0.23463679,3.98E-08,0.24435776,4.15E-08,-0.000516543,300,0.003884592,300,0.043465513,300,0.43086534,300,0.55948296,300,0.62141719,300,-0.000472528,300,-7.64E-05,300,0.0873733,300,0.13119078,300,0.17489864,300,0.21847133,300,0.26187033,300,0.30502832,300,0.34781274,300,0.38994692,300,0.46954257,300,0.50454633,300,0.53463396,300,0.57968495,300,0.59618605,300,0.6098679,300,0.631336,300,0.19567373,300,0.20542568,300,0.2151704,300,0.22490754,300,0.23463679,300,0.24435776,300
-0.000516538,1.14E-17,0.008480259,5.37E-10,0.089318368,5.37E-09,0.63553372,5.37E-08,0.67490133,7.52E-08,0.6944249,9.66E-08,-0.000426557,5.37E-12,0.000383257,5.37E-11,0.17876685,1.07E-08,0.26761042,1.61E-08,0.35523121,2.15E-08,0.43904307,2.68E-08,0.51075867,3.22E-08,0.56169342,3.76E-08,0.59521507,4.29E-08,0.61839743,4.83E-08,0.64880661,5.90E-08,0.65936194,6.44E-08,0.66789012,6.98E-08,0.68080113,8.05E-08,0.68589217,8.59E-08,0.69038557,9.13E-08,0.69810863,1.02E-07,0.28404804,4.18E-08,0.29811168,4.39E-08,0.3121498,4.60E-08,0.32615968,4.81E-08,0.34013798,5.02E-08,0.35408061,5.23E-08,-0.000516538,300,0.008480259,300,0.089318368,300,0.63553372,300,0.67490133,300,0.6944249,300,-0.000426557,300,0.000383257,300,0.17876685,300,0.26761042,300,0.35523121,300,0.43904307,300,0.51075867,300,0.56169342,300,0.59521507,300,0.61839743,300,0.64880661,300,0.65936194,300,0.66789012,300,0.68080113,300,0.68589217,300,0.69038557,300,0.69810863,300,0.28404804,300,0.29811168,300,0.3121498,300,0.32615968,300,0.34013798,300,0.35408061,300
-0.000516532,-1.49E-17,0.01612372,7.44E-10,0.16536135,7.44E-09,0.6822091,7.44E-08,0.70249371,1.04E-07,0.71689021,1.34E-07,-0.000350085,7.44E-12,0.001147893,7.44E-11,0.3290412,1.49E-08,0.47911722,2.23E-08,0.57125542,2.98E-08,0.61543772,3.72E-08,0.64038281,4.46E-08,0.65601077,5.21E-08,0.66688298,5.95E-08,0.67527496,6.70E-08,0.68817675,8.19E-08,0.69344527,8.93E-08,0.69817974,9.67E-08,0.7064693,1.12E-07,0.71016638,1.19E-07,0.71362897,1.27E-07,0.71997578,1.41E-07,0.41417815,5.22E-08,0.43408557,5.48E-08,0.45372841,5.74E-08,0.47301968,6.00E-08,0.49184774,6.26E-08,0.51007735,6.53E-08,-0.000516532,300,0.01612372,300,0.16536135,300,0.6822091,300,0.70249371,300,0.71689021,300,-0.000350085,300,0.001147893,300,0.3290412,300,0.47911722,300,0.57125542,300,0.61543772,300,0.64038281,300,0.65601077,300,0.66688298,300,0.67527496,300,0.68817675,300,0.69344527,300,0.69817974,300,0.7064693,300,0.71016638,300,0.71362897,300,0.71997578,300,0.41417815,300,0.43408557,300,0.45372841,300,0.47301968,300,0.49184774,300,0.51007735,300
-0.000516525,-3.05E-17,0.028358537,9.93E-10,0.28612674,9.93E-09,0.70055693,9.93E-08,0.71936354,1.39E-07,0.7336385,1.79E-07,-0.000227639,9.93E-12,0.002372213,9.93E-11,0.52746988,1.99E-08,0.61327824,2.98E-08,0.64394187,3.97E-08,0.6602197,4.96E-08,0.67161513,5.96E-08,0.68059034,6.95E-08,0.68812604,7.94E-08,0.69469687,8.94E-08,0.70586177,1.09E-07,0.71071675,1.19E-07,0.71519812,1.29E-07,0.72325789,1.49E-07,0.7269168,1.59E-07,0.73036911,1.69E-07,0.73674471,1.89E-07,0.57754655,6.46E-08,0.59509058,6.79E-08,0.61028583,7.11E-08,0.62341496,7.43E-08,0.63477794,7.76E-08,0.64464673,8.08E-08,-0.000516525,300,0.028358537,300,0.28612674,300,0.70055693,300,0.71936354,300,0.7336385,300,-0.000227639,300,0.002372213,300,0.52746988,300,0.61327824,300,0.64394187,300,0.6602197,300,0.67161513,300,0.68059034,300,0.68812604,300,0.69469687,300,0.70586177,300,0.71071675,300,0.71519812,300,0.72325789,300,0.7269168,300,0.73036911,300,0.73674471,300,0.57754655,300,0.59509058,300,0.61028583,300,0.62341496,300,0.63477794,300,0.64464673,300
-0.000516516,-1.69E-17,0.047444039,1.29E-09,0.46077312,1.29E-08,0.71540824,1.29E-07,0.73441994,1.81E-07,0.74896778,2.32E-07,-3.65E-05,1.29E-11,0.004283068,1.29E-10,0.61644864,2.58E-08,0.64816777,3.87E-08,0.66504907,5.17E-08,0.67734543,6.46E-08,0.68728845,7.75E-08,0.6957078,9.04E-08,0.70303905,1.03E-07,0.7095473,1.16E-07,0.72074552,1.42E-07,0.72564994,1.55E-07,0.73019026,1.68E-07,0.73838132,1.94E-07,0.74210857,2.07E-07,0.74562966,2.20E-07,0.75214238,2.45E-07,0.66785056,7.96E-08,0.67447453,8.36E-08,0.68010541,8.75E-08,0.68496454,9.15E-08,0.68922044,9.55E-08,0.69299908,9.95E-08,-0.000516516,300,0.047444039,300,0.46077312,300,0.71540824,300,0.73441994,300,0.74896778,300,-3.65E-05,300,0.004283068,300,0.61644864,300,0.64816777,300,0.66504907,300,0.67734543,300,0.68728845,300,0.6957078,300,0.70303905,300,0.7095473,300,0.72074552,300,0.72564994,300,0.73019026,300,0.73838132,300,0.74210857,300,0.74562966,300,0.75214238,300,0.66785056,300,0.67447453,300,0.68010541,300,0.68496454,300,0.68922044,300,0.69299908,300
-0.000516506,2.86E-17,0.076671316,1.65E-09,0.58037241,1.65E-08,0.72927706,1.65E-07,0.74864673,2.31E-07,0.76352785,2.97E-07,0.000256426,1.65E-11,0.007211964,1.65E-10,0.64105862,3.30E-08,0.66342076,4.95E-08,0.67885841,6.60E-08,0.69089996,8.25E-08,0.70083242,9.90E-08,0.7093119,1.15E-07,0.71672607,1.32E-07,0.72332435,1.48E-07,0.73470581,1.81E-07,0.73970057,1.98E-07,0.74432978,2.14E-07,0.75269377,2.47E-07,0.75650508,2.64E-07,0.76010868,2.80E-07,0.7667821,3.13E-07,0.69633129,9.75E-08,0.69964434,1.02E-07,0.7026835,1.07E-07,0.70550251,1.12E-07,0.70814101,1.17E-07,0.71062848,1.22E-07,-0.000516506,300,0.076671316,300,0.58037241,300,0.72927706,300,0.74864673,300,0.76352785,300,0.000256426,300,0.007211964,300,0.64105862,300,0.66342076,300,0.67885841,300,0.69089996,300,0.70083242,300,0.7093119,300,0.71672607,300,0.72332435,300,0.73470581,300,0.73970057,300,0.74432978,300,0.75269377,300,0.75650508,300,0.76010868,300,0.7667821,300,0.69633129,300,0.69964434,300,0.7026835,300,0.70550251,300,0.70814101,300,0.71062848,300
-0.000516494,6.95E-18,0.12080613,2.08E-09,0.61551894,2.08E-08,0.74258874,2.08E-07,0.76237182,2.91E-07,0.77762792,3.74E-07,0.000699568,2.08E-11,0.011641992,2.08E-10,0.65452108,4.16E-08,0.67602775,6.24E-08,0.69147825,8.32E-08,0.70362693,1.04E-07,0.71367989,1.25E-07,0.72228014,1.46E-07,0.72981228,1.66E-07,0.73652504,1.87E-07,0.74812519,2.29E-07,0.75322459,2.50E-07,0.75795563,2.70E-07,0.76651572,3.12E-07,0.77042171,3.33E-07,0.77411797,3.54E-07,0.78097121,3.95E-07,0.71002124,1.19E-07,0.71282093,1.25E-07,0.71548267,1.31E-07,0.71802265,1.37E-07,0.72045388,1.43E-07,0.722787,1.49E-07,-0.000516494,300,0.12080613,300,0.61551894,300,0.74258874,300,0.76237182,300,0.77762792,300,0.000699568,300,0.011641992,300,0.65452108,300,0.67602775,300,0.69147825,300,0.70362693,300,0.71367989,300,0.72228014,300,0.72981228,300,0.73652504,300,0.74812519,300,0.75322459,300,0.75795563,300,0.76651572,300,0.77042171,300,0.77411797,300,0.78097121,300,0.71002124,300,0.71282093,300,0.71548267,300,0.71802265,300,0.72045388,300,0.722787,300
-0.000516479,-1.46E-17,0.18667355,2.60E-09,0.63001216,2.60E-08,0.75555876,2.60E-07,0.77580468,3.63E-07,0.79147784,4.67E-07,0.001363232,2.60E-11,0.018275474,2.60E-10,0.66639966,5.19E-08,0.68799982,7.79E-08,0.70360822,1.04E-07,0.71591332,1.30E-07,0.72611571,1.56E-07,0.73485833,1.82E-07,0.74252646,2.08E-07,0.74936961,2.34E-07,0.76121632,2.86E-07,0.76643296,3.12E-07,0.77127779,3.37E-07,0.78005646,3.89E-07,0.78406778,4.15E-07,0.78786704,4.41E-07,0.79492,4.93E-07,0.72147375,1.45E-07,0.72424229,1.52E-07,0.7268897,1.59E-07,0.72942702,1.67E-07,0.73186378,1.74E-07,0.73420827,1.81E-07,-0.000516479,300,0.18667355,300,0.63001216,300,0.75555876,300,0.77580468,300,0.79147784,300,0.001363232,300,0.018275474,300,0.66639966,300,0.68799982,300,0.70360822,300,0.71591332,300,0.72611571,300,0.73485833,300,0.74252646,300,0.74936961,300,0.76121632,300,0.76643296,300,0.77127779,300,0.78005646,300,0.78406778,300,0.78786704,300,0.79492,300,0.72147375,300,0.72424229,300,0.7268897,300,0.72942702,300,0.73186378,300,0.73420827,300
-0.000516461,1.96E-17,0.28356978,3.22E-09,0.64147761,3.22E-08,0.76833811,3.22E-07,0.7890983,4.50E-07,0.80523439,5.79E-07,0.002349538,3.22E-11,0.028131281,3.22E-10,0.67782448,6.43E-08,0.69963133,9.65E-08,0.71543608,1.29E-07,0.72792356,1.61E-07,0.73829643,1.93E-07,0.74719971,2.25E-07,0.75502036,2.57E-07,0.76200916,2.89E-07,0.7741304,3.54E-07,0.77947733,3.86E-07,0.78444854,4.18E-07,0.79346983,4.82E-07,0.79759805,5.14E-07,0.80151163,5.47E-07,0.80878634,6.11E-07,0.7326402,1.76E-07,0.73543962,1.85E-07,0.73811927,1.93E-07,0.74068966,2.02E-07,0.74315999,2.11E-07,0.74553832,2.20E-07,-0.000516461,300,0.28356978,300,0.64147761,300,0.76833811,300,0.7890983,300,0.80523439,300,0.002349538,300,0.028131281,300,0.67782448,300,0.69963133,300,0.71543608,300,0.72792356,300,0.73829643,300,0.74719971,300,0.75502036,300,0.76200916,300,0.7741304,300,0.77947733,300,0.78444854,300,0.79346983,300,0.79759805,300,0.80151163,300,0.80878634,300,0.7326402,300,0.73543962,300,0.73811927,300,0.74068966,300,0.74315999,300,0.74553832,300
-0.00051644,-1.35E-17,0.41525808,3.96E-09,0.65238781,3.96E-08,0.78104171,3.96E-07,0.80237254,5.54E-07,0.81902321,7.12E-07,0.003806536,3.96E-11,0.042684517,3.96E-10,0.68899091,7.92E-08,0.71104845,1.19E-07,0.72707833,1.58E-07,0.73977135,1.98E-07,0.75033485,2.37E-07,0.75941706,2.77E-07,0.76740719,3.17E-07,0.77455767,3.56E-07,0.78698344,4.35E-07,0.79247492,4.75E-07,0.79758636,5.15E-07,0.80687706,5.94E-07,0.81113519,6.33E-07,0.81517589,6.73E-07,0.82269739,7.52E-07,0.74378676,2.13E-07,0.74662929,2.24E-07,0.74935172,2.34E-07,0.75196453,2.45E-07,0.7544769,2.55E-07,0.75689688,2.66E-07,-0.00051644,300,0.41525808,300,0.65238781,300,0.78104171,300,0.80237254,300,0.81902321,300,0.003806536,300,0.042684517,300,0.68899091,300,0.71104845,300,0.72707833,300,0.73977135,300,0.75033485,300,0.75941706,300,0.76740719,300,0.77455767,300,0.78698344,300,0.79247492,300,0.79758636,300,0.80687706,300,0.81113519,300,0.81517589,300,0.82269739,300,0.74378676,300,0.74662929,300,0.74935172,300,0.75196453,300,0.7544769,300,0.75689688,300
-0.000516414,-9.95E-18,0.51585212,4.85E-09,0.66305788,4.85E-08,0.79376227,4.85E-07,0.81572716,6.79E-07,0.83295175,8.73E-07,0.005948596,4.85E-11,0.064065979,4.85E-10,0.69999542,9.70E-08,0.7223394,1.45E-07,0.73862149,1.94E-07,0.75154319,2.42E-07,0.76231817,2.91E-07,0.77159867,3.39E-07,0.77977659,3.88E-07,0.78710625,4.36E-07,0.79986985,5.33E-07,0.80552186,5.82E-07,0.81078919,6.30E-07,0.82037979,7.27E-07,0.82478275,7.76E-07,0.82896529,8.24E-07,0.83676258,9.21E-07,0.75498871,2.57E-07,0.75788207,2.70E-07,0.76065465,2.83E-07,0.76331696,2.96E-07,0.76587818,3.09E-07,0.7683464,3.22E-07,-0.000516414,300,0.51585212,300,0.66305788,300,0.79376227,300,0.81572716,300,0.83295175,300,0.005948596,300,0.064065979,300,0.69999542,300,0.7223394,300,0.73862149,300,0.75154319,300,0.76231817,300,0.77159867,300,0.77977659,300,0.78710625,300,0.79986985,300,0.80552186,300,0.81078919,300,0.82037979,300,0.82478275,300,0.82896529,300,0.83676258,300,0.75498871,300,0.75788207,300,0.76065465,300,0.76331696,300,0.76587818,300,0.7683464,300
-0.000516384,1.66E-17,0.55168327,5.92E-09,0.67358053,5.92E-08,0.8065786,5.92E-07,0.8292502,8.29E-07,0.84711806,1.07E-06,0.009085781,5.92E-11,0.095343839,5.92E-10,0.71090751,1.18E-07,0.73357178,1.78E-07,0.75013355,2.37E-07,0.76330826,2.96E-07,0.77431717,3.55E-07,0.78381714,4.14E-07,0.79220311,4.74E-07,0.79973155,5.33E-07,0.81287065,6.51E-07,0.81870148,7.10E-07,0.8241427,7.70E-07,0.83406852,8.88E-07,0.83863369,9.47E-07,0.84297533,1.01E-06,0.85108259,1.12E-06,0.76629794,3.11E-07,0.76924958,3.27E-07,0.77207951,3.42E-07,0.77479833,3.58E-07,0.77741524,3.73E-07,0.77993837,3.89E-07,-0.000516384,300,0.55168327,300,0.67358053,300,0.8065786,300,0.8292502,300,0.84711806,300,0.009085781,300,0.095343839,300,0.71090751,300,0.73357178,300,0.75013355,300,0.76330826,300,0.77431717,300,0.78381714,300,0.79220311,300,0.79973155,300,0.81287065,300,0.81870148,300,0.8241427,300,0.83406852,300,0.83863369,300,0.84297533,300,0.85108259,300,0.76629794,300,0.76924958,300,0.77207951,300,0.77479833,300,0.77741524,300,0.77993837,300
-0.000516347,-3.26E-18,0.56587623,7.20E-09,0.68401522,7.20E-08,0.8195612,7.20E-07,0.8430242,1.01E-06,0.86161796,1.30E-06,0.013666131,7.20E-11,0.14090764,7.20E-10,0.72178096,1.44E-07,0.74479968,2.16E-07,0.76167014,2.88E-07,0.77512422,3.60E-07,0.78639179,4.32E-07,0.79613487,5.04E-07,0.80475177,5.76E-07,0.81250126,6.48E-07,0.82605922,7.92E-07,0.83209012,8.64E-07,0.83772627,9.36E-07,0.84802897,1.08E-06,0.85277704,1.15E-06,0.85729839,1.22E-06,0.86575672,1.37E-06,0.77775962,3.75E-07,0.78077725,3.94E-07,0.7836721,4.13E-07,0.7864548,4.31E-07,0.78913464,4.50E-07,0.7917198,4.69E-07,-0.000516347,300,0.56587623,300,0.68401522,300,0.8195612,300,0.8430242,300,0.86161796,300,0.013666131,300,0.14090764,300,0.72178096,300,0.74479968,300,0.76167014,300,0.77512422,300,0.78639179,300,0.79613487,300,0.80475177,300,0.81250126,300,0.82605922,300,0.83209012,300,0.83772627,300,0.84802897,300,0.85277704,300,0.85729839,300,0.86575672,300,0.77775962,300,0.78077725,300,0.7836721,300,0.7864548,300,0.78913464,300,0.7917198,300
-0.000516303,5.92E-18,0.57618341,8.74E-09,0.69440676,8.74E-08,0.83277654,8.74E-07,0.85713175,1.22E-06,0.87655232,1.57E-06,0.020336479,8.74E-11,0.20689473,8.74E-10,0.73265898,1.75E-07,0.75606785,2.62E-07,0.77327835,3.50E-07,0.78704088,4.37E-07,0.79859483,5.25E-07,0.80860784,6.12E-07,0.81748187,7.00E-07,0.82547821,7.87E-07,0.83950587,9.62E-07,0.84576204,1.05E-06,0.85161826,1.14E-06,0.8623481,1.31E-06,0.86730425,1.40E-06,0.87203057,1.49E-06,0.88089075,1.66E-06,0.78941583,4.52E-07,0.79250779,4.75E-07,0.79547573,4.97E-07,0.79833035,5.20E-07,0.80108103,5.43E-07,0.80373598,5.65E-07,-0.000516303,300,0.57618341,300,0.69440676,300,0.83277654,300,0.85713175,300,0.87655232,300,0.020336479,300,0.20689473,300,0.73265898,300,0.75606785,300,0.77327835,300,0.78704088,300,0.79859483,300,0.80860784,300,0.81748187,300,0.82547821,300,0.83950587,300,0.84576204,300,0.85161826,300,0.8623481,300,0.86730425,300,0.87203057,300,0.88089075,300,0.78941583,300,0.79250779,300,0.79547573,300,0.79833035,300,0.80108103,300,0.80373598,300
-0.000516267,-3.00E-18,0.58300977,1.00E-08,0.70166306,1.00E-07,0.84218897,1.00E-06,0.86723981,1.40E-06,0.88731189,1.80E-06,0.026552408,1.00E-10,0.26761474,1.00E-09,0.74028359,2.00E-07,0.76398791,3.00E-07,0.78145668,4.00E-07,0.79545426,5.00E-07,0.80722718,6.00E-07,0.81744726,7.00E-07,0.82651917,8.00E-07,0.83470606,9.00E-07,0.8490979,1.10E-06,0.85552949,1.20E-06,0.86155756,1.30E-06,0.87262226,1.50E-06,0.87774219,1.60E-06,0.88263023,1.70E-06,0.89180865,1.90E-06,0.80130779,5.45E-07,0.80448327,5.72E-07,0.80753334,5.99E-07,0.8104688,6.26E-07,0.81329909,6.54E-07,0.81603253,6.81E-07,-0.000516267,300,0.58300977,300,0.70166306,300,0.84218897,300,0.86723981,300,0.88731189,300,0.026552408,300,0.26761474,300,0.74028359,300,0.76398791,300,0.78145668,300,0.79545426,300,0.80722718,300,0.81744726,300,0.82651917,300,0.83470606,300,0.8490979,300,0.85552949,300,0.86155756,300,0.87262226,300,0.87774219,300,0.88263023,300,0.89180865,300,0.80130779,300,0.80448327,300,0.80753334,300,0.8104688,300,0.81329909,300,0.81603253,300
-0.000516204,2.32E-17,0.58356161,1.00E-08,0.70167322,1.00E-07,0.84184572,1.00E-06,0.86683616,1.40E-06,0.88688058,1.80E-06,0.037528814,1.00E-10,0.36477555,1.00E-09,0.74021265,2.00E-07,0.76386236,3.00E-07,0.78128663,4.00E-07,0.79524591,5.00E-07,0.80698514,6.00E-07,0.81717532,7.00E-07,0.8262206,8.00E-07,0.83438381,9.00E-07,0.84873616,1.10E-06,0.85515159,1.20E-06,0.86116572,1.30E-06,0.87220883,1.50E-06,0.87732092,1.60E-06,0.88220302,1.70E-06,0.891375,1.90E-06,0.81347742,6.56E-07,0.81674672,6.88E-07,0.81988908,7.21E-07,0.82291541,7.54E-07,0.82583526,7.87E-07,0.82865699,8.19E-07,-0.000516204,300,0.58356161,300,0.70167322,300,0.84184572,300,0.86683616,300,0.88688058,300,0.037528814,300,0.36477555,300,0.74021265,300,0.76386236,300,0.78128663,300,0.79524591,300,0.80698514,300,0.81717532,300,0.8262206,300,0.83438381,300,0.84873616,300,0.85515159,300,0.86116572,300,0.87220883,300,0.87732092,300,0.88220302,300,0.891375,300,0.81347742,300,0.81674672,300,0.81988908,300,0.82291541,300,0.82583526,300,0.82865699,300
-0.000516128,-1.10E-17,0.58357879,1.00E-08,0.70159951,1.00E-07,0.84141757,1.00E-06,0.86633777,1.40E-06,0.88634988,1.80E-06,0.050691108,1.00E-10,0.43529414,1.00E-09,0.74007861,2.00E-07,0.76367589,3.00E-07,0.78105356,4.00E-07,0.79497106,5.00E-07,0.80667271,6.00E-07,0.81682905,7.00E-07,0.82584394,8.00E-07,0.83397991,9.00E-07,0.84828655,1.10E-06,0.85468321,1.20E-06,0.86068111,1.30E-06,0.87169901,1.50E-06,0.87680196,1.60E-06,0.88167712,1.70E-06,0.89084161,1.90E-06,0.8259688,7.89E-07,0.82934363,8.28E-07,0.83258987,8.68E-07,0.83571854,9.07E-07,0.83873929,9.46E-07,0.84166058,9.86E-07,-0.000516128,300,0.58357879,300,0.70159951,300,0.84141757,300,0.86633777,300,0.88634988,300,0.050691108,300,0.43529414,300,0.74007861,300,0.76367589,300,0.78105356,300,0.79497106,300,0.80667271,300,0.81682905,300,0.82584394,300,0.83397991,300,0.84828655,300,0.85468321,300,0.86068111,300,0.87169901,300,0.87680196,300,0.88167712,300,0.89084161,300,0.8259688,300,0.82934363,300,0.83258987,300,0.83571854,300,0.83873929,300,0.84166058,300
-0.000516037,1.95E-17,0.5835692,1.00E-08,0.70151059,1.00E-07,0.84090351,1.00E-06,0.86573901,1.40E-06,0.88571175,1.80E-06,0.066470231,1.00E-10,0.46333973,1.00E-09,0.73991762,2.00E-07,0.76345205,3.00E-07,0.78077382,4.00E-07,0.79464119,5.00E-07,0.80629772,6.00E-07,0.81641343,7.00E-07,0.82539179,8.00E-07,0.83349503,9.00E-07,0.84774668,1.10E-06,0.8541207,1.20E-06,0.86009902,1.30E-06,0.87108641,1.50E-06,0.87617823,1.60E-06,0.88104491,1.70E-06,0.89020005,1.90E-06,0.83882971,9.48E-07,0.84232355,9.96E-07,0.84568704,1.04E-06,0.84893134,1.09E-06,0.85206617,1.14E-06,0.85510013,1.19E-06,-0.000516037,300,0.5835692,300,0.70151059,300,0.84090351,300,0.86573901,300,0.88571175,300,0.066470231,300,0.46333973,300,0.73991762,300,0.76345205,300,0.78077382,300,0.79464119,300,0.80629772,300,0.81641343,300,0.82539179,300,0.83349503,300,0.84774668,300,0.8541207,300,0.86009902,300,0.87108641,300,0.87617823,300,0.88104491,300,0.89020005,300,0.83882971,300,0.84232355,300,0.84568704,300,0.84893134,300,0.85206617,300,0.85510013,300
-0.000515928,-9.18E-18,0.5835565,1.00E-08,0.70140388,1.00E-07,0.84028637,1.00E-06,0.86501969,1.40E-06,0.88494433,1.80E-06,0.085377655,1.00E-10,0.47092946,1.00E-09,0.73972446,2.00E-07,0.76318347,3.00E-07,0.78043816,4.00E-07,0.79424536,5.00E-07,0.80584772,6.00E-07,0.81591464,7.00E-07,0.8248491,8.00E-07,0.832913,9.00E-07,0.84709844,1.10E-06,0.85344518,1.20E-06,0.85939985,1.30E-06,0.87035029,1.50E-06,0.87542856,1.60E-06,0.88028484,1.70E-06,0.88942826,1.90E-06,0.85211349,1.14E-06,0.85574214,1.20E-06,0.85923859,1.25E-06,0.86261414,1.31E-06,0.86587864,1.37E-06,0.86904079,1.43E-06,-0.000515928,300,0.5835565,300,0.70140388,300,0.84028637,300,0.86501969,300,0.88494433,300,0.085377655,300,0.47092946,300,0.73972446,300,0.76318347,300,0.78043816,300,0.79424536,300,0.80584772,300,0.81591464,300,0.8248491,300,0.832913,300,0.84709844,300,0.85344518,300,0.85939985,300,0.87035029,300,0.87542856,300,0.88028484,300,0.88942826,300,0.85211349,300,0.85574214,300,0.85923859,300,0.86261414,300,0.86587864,300,0.86904079,300
-0.000515796,2.92E-18,0.58354123,1.00E-08,0.70127585,1.00E-07,0.83954542,1.00E-06,0.86415535,1.40E-06,0.8840211,1.80E-06,0.10801421,1.00E-10,0.47257976,1.00E-09,0.7394927,2.00E-07,0.76286122,3.00E-07,0.78003542,4.00E-07,0.7937704,5.00E-07,0.80530772,6.00E-07,0.81531602,7.00E-07,0.82419773,8.00E-07,0.8322143,9.00E-07,0.84632003,1.10E-06,0.85263385,1.20E-06,0.85855993,1.30E-06,0.86946554,1.50E-06,0.87452727,1.60E-06,0.87937075,1.70E-06,0.88849942,1.90E-06,0.86588176,1.37E-06,0.86966408,1.44E-06,0.87331233,1.51E-06,0.87683794,1.58E-06,0.88025091,1.64E-06,0.88356005,1.71E-06,-0.000515796,300,0.58354123,300,0.70127585,300,0.83954542,300,0.86415535,300,0.8840211,300,0.10801421,300,0.47257976,300,0.7394927,300,0.76286122,300,0.78003542,300,0.7937704,300,0.80530772,300,0.81531602,300,0.82419773,300,0.8322143,300,0.84632003,300,0.85263385,300,0.85855993,300,0.86946554,300,0.87452727,300,0.87937075,300,0.88849942,300,0.86588176,300,0.86966408,300,0.87331233,300,0.87683794,300,0.88025091,300,0.88356005,300
-0.000515639,-1.24E-17,0.5835229,1.00E-08,0.70112224,1.00E-07,0.83865576,1.00E-06,0.86311654,1.40E-06,0.88290996,1.80E-06,0.13506776,1.00E-10,0.47288176,1.00E-09,0.73921463,2.00E-07,0.76247459,3.00E-07,0.7795522,4.00E-07,0.79320049,5.00E-07,0.80465971,6.00E-07,0.8145976,7.00E-07,0.82341589,8.00E-07,0.83137552,9.00E-07,0.84538519,1.10E-06,0.85165925,1.20E-06,0.85755075,1.30E-06,0.86840186,1.50E-06,0.87344335,1.60E-06,0.87827106,1.70E-06,0.88738106,1.90E-06,0.88020859,1.65E-06,0.88416769,1.73E-06,0.88799093,1.81E-06,0.89168987,1.89E-06,0.89527466,1.98E-06,0.89875423,2.06E-06,-0.000515639,300,0.5835229,300,0.70112224,300,0.83865576,300,0.86311654,300,0.88290996,300,0.13506776,300,0.47288176,300,0.73921463,300,0.76247459,300,0.7795522,300,0.79320049,300,0.80465971,300,0.8145976,300,0.82341589,300,0.83137552,300,0.84538519,300,0.85165925,300,0.85755075,300,0.86840186,300,0.87344335,300,0.87827106,300,0.88738106,300,0.88020859,300,0.88416769,300,0.88799093,300,0.89168987,300,0.89527466,300,0.89875423,300
-0.00051545,1.20E-18,0.58350091,1.00E-08,0.70093793,1.00E-07,0.83758743,1.00E-06,0.86186772,1.40E-06,0.8815721,1.80E-06,0.16726707,1.00E-10,0.47292715,1.00E-09,0.73888102,2.00E-07,0.76201073,3.00E-07,0.77897243,4.00E-07,0.79251666,5.00E-07,0.80388209,6.00E-07,0.81373537,7.00E-07,0.82247741,8.00E-07,0.8303685,9.00E-07,0.84426235,1.10E-06,0.85048834,1.20E-06,0.85633794,1.30E-06,0.86712273,1.50E-06,0.87213938,1.60E-06,0.87694756,1.70E-06,0.88603375,1.90E-06,0.8951873,1.98E-06,0.89935245,2.08E-06,0.90338015,2.18E-06,0.90728215,2.27E-06,0.91106873,2.37E-06,0.91474896,2.47E-06,-0.00051545,300,0.58350091,300,0.70093793,300,0.83758743,300,0.86186772,300,0.8815721,300,0.16726707,300,0.47292715,300,0.73888102,300,0.76201073,300,0.77897243,300,0.79251666,300,0.80388209,300,0.81373537,300,0.82247741,300,0.8303685,300,0.84426235,300,0.85048834,300,0.85633794,300,0.86712273,300,0.87213938,300,0.87694756,300,0.88603375,300,0.8951873,300,0.89935245,300,0.90338015,300,0.90728215,300,0.91106873,300,0.91474896,300
-0.000515224,-2.71E-24,0.58347453,1.00E-08,0.7007168,1.00E-07,0.83630443,1.00E-06,0.86036609,1.40E-06,0.87996032,1.80E-06,0.20516875,1.00E-10,0.47293077,1.00E-09,0.73848079,2.00E-07,0.76145425,3.00E-07,0.77827685,4.00E-07,0.79169616,5.00E-07,0.80294895,6.00E-07,0.81270053,7.00E-07,0.82135085,8.00E-07,0.82915943,9.00E-07,0.84291351,1.10E-06,0.84908136,1.20E-06,0.85488012,1.30E-06,0.86558403,1.50E-06,0.87056998,1.60E-06,0.8753539,1.70E-06,0.88440982,1.90E-06,0.89614202,2.00E-06,0.90032105,2.10E-06,0.90436255,2.20E-06,0.90827828,2.30E-06,0.91207851,2.40E-06,0.91577233,2.50E-06,-0.000515224,300,0.58347453,300,0.7007168,300,0.83630443,300,0.86036609,300,0.87996032,300,0.20516875,300,0.47293077,300,0.73848079,300,0.76145425,300,0.77827685,300,0.79169616,300,0.80294895,300,0.81270053,300,0.82135085,300,0.82915943,300,0.84291351,300,0.84908136,300,0.85488012,300,0.86558403,300,0.87056998,300,0.8753539,300,0.88440982,300,0.89614202,300,0.90032105,300,0.90436255,300,0.90827828,300,0.91207851,300,0.91577233,300
-0.000514952,-3.43E-19,0.58344286,1.00E-08,0.70045151,1.00E-07,0.83476348,1.00E-06,0.85855976,1.40E-06,0.87801779,1.80E-06,0.24832534,1.00E-10,0.4729282,1.00E-09,0.73800066,2.00E-07,0.76078667,3.00E-07,0.77744238,4.00E-07,0.79071172,5.00E-07,0.80182921,6.00E-07,0.81145855,7.00E-07,0.8199985,8.00E-07,0.82770767,9.00E-07,0.84129301,1.10E-06,0.84739041,1.20E-06,0.85312744,1.30E-06,0.86373227,1.50E-06,0.86868054,1.60E-06,0.87343427,1.70E-06,0.8824515,1.90E-06,0.89575373,2.00E-06,0.89993374,2.10E-06,0.90397769,2.20E-06,0.90789732,2.30E-06,0.91170287,2.40E-06,0.9154034,2.50E-06,-0.000514952,300,0.58344286,300,0.70045151,300,0.83476348,300,0.85855976,300,0.87801779,300,0.24832534,300,0.4729282,300,0.73800066,300,0.76078667,300,0.77744238,300,0.79071172,300,0.80182921,300,0.81145855,300,0.8199985,300,0.82770767,300,0.84129301,300,0.84739041,300,0.85312744,300,0.86373227,300,0.86868054,300,0.87343427,300,0.8824515,300,0.89575373,300,0.89993374,300,0.90397769,300,0.90789732,300,0.91170287,300,0.9154034,300
-0.000514627,-8.66E-18,0.58340487,1.00E-08,0.70013325,1.00E-07,0.83291258,1.00E-06,0.85638652,1.40E-06,0.87567571,1.80E-06,0.29283025,1.00E-10,0.47292432,1.00E-09,0.73742471,2.00E-07,0.75998587,3.00E-07,0.77644132,4.00E-07,0.78953064,5.00E-07,0.80048559,6.00E-07,0.80996795,7.00E-07,0.81837506,8.00E-07,0.82596442,9.00E-07,0.83934589,1.10E-06,0.84535757,1.20E-06,0.85101945,1.30E-06,0.86150329,1.50E-06,0.86640502,1.60E-06,0.87112113,1.70E-06,0.88008893,1.90E-06,0.8952755,2.00E-06,0.89945672,2.10E-06,0.90350364,2.20E-06,0.90742794,2.30E-06,0.91123984,2.40E-06,0.91494838,2.50E-06,-0.000514627,300,0.58340487,300,0.70013325,300,0.83291258,300,0.85638652,300,0.87567571,300,0.29283025,300,0.47292432,300,0.73742471,300,0.75998587,300,0.77644132,300,0.78953064,300,0.80048559,300,0.80996795,300,0.81837506,300,0.82596442,300,0.83934589,300,0.84535757,300,0.85101945,300,0.86150329,300,0.86640502,300,0.87112113,300,0.88008893,300,0.8952755,300,0.89945672,300,0.90350364,300,0.90742794,300,0.91123984,300,0.91494838,300
-0.000514236,-9.86E-18,0.58335928,1.00E-08,0.69975147,1.00E-07,0.83068887,1.00E-06,0.85377128,1.40E-06,0.87285119,1.80E-06,0.32937862,1.00E-10,0.47291958,1.00E-09,0.73673389,2.00E-07,0.75902535,3.00E-07,0.77524052,4.00E-07,0.78811374,5.00E-07,0.79887342,6.00E-07,0.80817904,7.00E-07,0.81642622,8.00E-07,0.82387116,9.00E-07,0.83700561,1.10E-06,0.84291356,1.20E-06,0.84848395,1.30E-06,0.85881962,1.50E-06,0.86366386,1.60E-06,0.86833312,1.70E-06,0.87723803,1.90E-06,0.89470023,2.00E-06,0.89888274,2.10E-06,0.90293302,2.20E-06,0.90686273,2.30E-06,0.91068206,2.40E-06,0.91439998,2.50E-06,-0.000514236,300,0.58335928,300,0.69975147,300,0.83068887,300,0.85377128,300,0.87285119,300,0.32937862,300,0.47291958,300,0.73673389,300,0.75902535,300,0.77524052,300,0.78811374,300,0.79887342,300,0.80817904,300,0.81642622,300,0.82387116,300,0.83700561,300,0.84291356,300,0.84848395,300,0.85881962,300,0.86366386,300,0.86833312,300,0.87723803,300,0.89470023,300,0.89888274,300,0.90293302,300,0.90686273,300,0.91068206,300,0.91439998,300
-0.000513768,-1.96E-17,0.58330457,1.00E-08,0.69929351,1.00E-07,0.82801742,1.00E-06,0.85062384,1.40E-06,0.86944498,1.80E-06,0.3511432,1.00E-10,0.47291389,1.00E-09,0.73590535,2.00E-07,0.75787338,3.00E-07,0.77380029,4.00E-07,0.78641408,5.00E-07,0.79693917,6.00E-07,0.80603227,7.00E-07,0.81408641,8.00E-07,0.82135697,9.00E-07,0.83419296,1.10E-06,0.83997496,1.20E-06,0.84543394,1.30E-06,0.85558822,1.50E-06,0.86036156,1.60E-06,0.86497265,1.70E-06,0.87379828,1.90E-06,0.89400813,2.00E-06,0.89819194,2.10E-06,0.90224602,2.20E-06,0.90618196,2.30E-06,0.91000992,2.40E-06,0.91373881,2.50E-06,-0.000513768,300,0.58330457,300,0.69929351,300,0.82801742,300,0.85062384,300,0.86944498,300,0.3511432,300,0.47291389,300,0.73590535,300,0.75787338,300,0.77380029,300,0.78641408,300,0.79693917,300,0.80603227,300,0.81408641,300,0.82135697,300,0.83419296,300,0.83997496,300,0.84543394,300,0.85558822,300,0.86036156,300,0.86497265,300,0.87379828,300,0.89400813,300,0.89819194,300,0.90224602,300,0.90618196,300,0.91000992,300,0.91373881,300
-0.000513206,1.61E-17,0.58323894,1.00E-08,0.69874423,1.00E-07,0.82480817,1.00E-06,0.84683627,1.40E-06,0.86533945,1.80E-06,0.36085214,1.00E-10,0.47290706,1.00E-09,0.73491176,2.00E-07,0.75649197,3.00E-07,0.77207311,4.00E-07,0.78437554,5.00E-07,0.79461886,6.00E-07,0.80345567,7.00E-07,0.81127764,8.00E-07,0.81833782,9.00E-07,0.8308127,1.10E-06,0.83644181,1.20E-06,0.84176525,1.30E-06,0.85169793,1.50E-06,0.85638426,1.60E-06,0.86092369,1.70E-06,0.86965103,1.90E-06,0.89317512,2.00E-06,0.89736016,2.10E-06,0.90141844,2.20E-06,0.9053615,2.30E-06,0.90919942,2.40E-06,0.91294109,2.50E-06,-0.000513206,300,0.58323894,300,0.69874423,300,0.82480817,300,0.84683627,300,0.86533945,300,0.36085214,300,0.47290706,300,0.73491176,300,0.75649197,300,0.77207311,300,0.78437554,300,0.79461886,300,0.80345567,300,0.81127764,300,0.81833782,300,0.8308127,300,0.83644181,300,0.84176525,300,0.85169793,300,0.85638426,300,0.86092369,300,0.86965103,300,0.89317512,300,0.89736016,300,0.90141844,300,0.9053615,300,0.90919942,300,0.91294109,300
-0.000512534,-1.28E-17,0.58316018,1.00E-08,0.69808548,1.00E-07,0.82095348,1.00E-06,0.84228041,1.40E-06,0.86039743,1.80E-06,0.36435215,1.00E-10,0.47289886,1.00E-09,0.7337204,2.00E-07,0.7548357,3.00E-07,0.7700022,4.00E-07,0.78193105,5.00E-07,0.79183501,6.00E-07,0.80036408,7.00E-07,0.80790641,8.00E-07,0.8147128,9.00E-07,0.82675108,1.10E-06,0.83219491,1.20E-06,0.83735383,1.30E-06,0.84701715,1.50E-06,0.85159768,1.60E-06,0.85605011,1.70E-06,0.864659,1.90E-06,0.89217203,2.00E-06,0.89635809,2.10E-06,0.90042093,2.20E-06,0.90437202,2.30E-06,0.90822132,2.40E-06,0.91197775,2.50E-06,-0.000512534,300,0.58316018,300,0.69808548,300,0.82095348,300,0.84228041,300,0.86039743,300,0.36435215,300,0.47289886,300,0.7337204,300,0.7548357,300,0.7700022,300,0.78193105,300,0.79183501,300,0.80036408,300,0.80790641,300,0.8147128,300,0.82675108,300,0.83219491,300,0.83735383,300,0.84701715,300,0.85159768,300,0.85605011,300,0.864659,300,0.89217203,300,0.89635809,300,0.90042093,300,0.90437202,300,0.90822132,300,0.91197775,300
-0.000511728,1.63E-17,0.58306569,1.00E-08,0.69729554,1.00E-07,0.81632525,1.00E-06,0.83680577,1.40E-06,0.85446318,1.80E-06,0.36541991,1.00E-10,0.47288903,1.00E-09,0.73229216,2.00E-07,0.75285033,3.00E-07,0.76751982,4.00E-07,0.7789994,5.00E-07,0.78849641,6.00E-07,0.79665543,7.00E-07,0.80386112,8.00E-07,0.81036165,9.00E-07,0.82187302,1.10E-06,0.82709307,1.20E-06,0.83205335,1.30E-06,0.84139232,1.50E-06,0.84584629,1.60E-06,0.8501956,1.70E-06,0.85866841,1.90E-06,0.89096341,2.00E-06,0.89515007,2.10E-06,0.89921771,2.20E-06,0.90317773,2.30E-06,0.90704002,2.40E-06,0.91081343,2.50E-06,-0.000511728,300,0.58306569,300,0.69729554,300,0.81632525,300,0.83680577,300,0.85446318,300,0.36541991,300,0.47288903,300,0.73229216,300,0.75285033,300,0.76751982,300,0.7789994,300,0.78849641,300,0.79665543,300,0.80386112,300,0.81036165,300,0.82187302,300,0.82709307,300,0.83205335,300,0.84139232,300,0.84584629,300,0.8501956,300,0.85866841,300,0.89096341,300,0.89515007,300,0.89921771,300,0.90317773,300,0.90704002,300,0.91081343,300
-0.000510763,6.69E-18,0.58295232,1.00E-08,0.69634842,1.00E-07,0.81077213,1.00E-06,0.83023884,1.40E-06,0.84736722,1.80E-06,0.3656996,1.00E-10,0.47287722,1.00E-09,0.73058033,2.00E-07,0.75047117,3.00E-07,0.76454393,4.00E-07,0.77548535,5.00E-07,0.78449385,6.00E-07,0.79220828,7.00E-07,0.79900921,8.00E-07,0.80514183,9.00E-07,0.81601957,1.10E-06,0.82097106,1.20E-06,0.82569371,1.30E-06,0.83464815,1.50E-06,0.83895481,1.60E-06,0.84318679,1.70E-06,0.85151585,1.90E-06,0.88950639,2.00E-06,0.8936929,2.10E-06,0.89776542,2.20E-06,0.90173523,2.30E-06,0.90561215,2.40E-06,0.90940494,2.50E-06,-0.000510763,300,0.58295232,300,0.69634842,300,0.81077213,300,0.83023884,300,0.84736722,300,0.3656996,300,0.47287722,300,0.73058033,300,0.75047117,300,0.76454393,300,0.77548535,300,0.78449385,300,0.79220828,300,0.79900921,300,0.80514183,300,0.81601957,300,0.82097106,300,0.82569371,300,0.83464815,300,0.83895481,300,0.84318679,300,0.85151585,300,0.88950639,300,0.8936929,300,0.89776542,300,0.90173523,300,0.90561215,300,0.90940494,300
-0.000509607,2.49E-18,0.58281631,1.00E-08,0.69521305,1.00E-07,0.80411719,1.00E-06,0.82238509,1.40E-06,0.83893768,1.80E-06,0.36576189,1.00E-10,0.47286306,1.00E-09,0.72852921,2.00E-07,0.74762008,3.00E-07,0.76097858,4.00E-07,0.77127497,5.00E-07,0.77969764,6.00E-07,0.78687874,7.00E-07,0.79319416,8.00E-07,0.79888576,9.00E-07,0.80900629,1.10E-06,0.81363887,1.20E-06,0.81808145,1.30E-06,0.82659152,1.50E-06,0.83073421,1.60E-06,0.83484166,1.70E-06,0.84304288,1.90E-06,0.8877489,2.00E-06,0.89193413,2.10E-06,0.89601134,2.20E-06,0.89999171,2.30E-06,0.90388497,2.40E-06,0.90769977,2.50E-06,-0.000509607,300,0.58281631,300,0.69521305,300,0.80411719,300,0.82238509,300,0.83893768,300,0.36576189,300,0.47286306,300,0.72852921,300,0.74762008,300,0.76097858,300,0.77127497,300,0.77969764,300,0.78687874,300,0.79319416,300,0.79888576,300,0.80900629,300,0.81363887,300,0.81808145,300,0.82659152,300,0.83073421,300,0.83484166,300,0.84304288,300,0.8877489,300,0.89193413,300,0.89601134,300,0.89999171,300,0.90388497,300,0.90769977,300
-0.000508224,-1.25E-17,0.58265313,1.00E-08,0.69385232,1.00E-07,0.79615702,1.00E-06,0.81303571,1.40E-06,0.82902158,1.80E-06,0.36577269,1.00E-10,0.47284607,1.00E-09,0.72607249,2.00E-07,0.74420556,3.00E-07,0.7567091,4.00E-07,0.76623325,5.00E-07,0.77395462,6.00E-07,0.78049761,7.00E-07,0.78623294,8.00E-07,0.79139895,9.00E-07,0.80062359,1.10E-06,0.80488382,1.20E-06,0.80900406,1.30E-06,0.81702118,1.50E-06,0.8209949,1.60E-06,0.8249866,1.70E-06,0.83312205,1.90E-06,0.88562794,2.00E-06,0.88981021,2.10E-06,0.89389161,2.20E-06,0.8978832,2.30E-06,0.90179458,2.40E-06,0.90563434,2.50E-06,-0.000508224,300,0.58265313,300,0.69385232,300,0.79615702,300,0.81303571,300,0.82902158,300,0.36577269,300,0.47284607,300,0.72607249,300,0.74420556,300,0.7567091,300,0.76623325,300,0.77395462,300,0.78049761,300,0.78623294,300,0.79139895,300,0.80062359,300,0.80488382,300,0.80900406,300,0.81702118,300,0.8209949,300,0.8249866,300,0.83312205,300,0.88562794,300,0.88981021,300,0.89389161,300,0.8978832,300,0.90179458,300,0.90563434,300
-0.000506569,6.26E-18,0.58245738,1.00E-08,0.69222195,1.00E-07,0.78666339,1.00E-06,0.8102443,1.40E-06,0.82609268,1.80E-06,0.36577285,1.00E-10,0.47282568,1.00E-09,0.7231299,2.00E-07,0.74011838,3.00E-07,0.75159976,4.00E-07,0.7602011,5.00E-07,0.76708525,6.00E-07,0.77286799,7.00E-07,0.77791452,8.00E-07,0.78245983,9.00E-07,0.79064086,1.10E-06,0.79447792,1.20E-06,0.79824027,1.30E-06,0.81416938,1.50E-06,0.81809973,1.60E-06,0.82206554,1.70E-06,0.83020396,1.90E-06,0.88306745,2.00E-06,0.88724451,2.10E-06,0.89132928,2.20E-06,0.89533268,2.30E-06,0.89926422,2.40E-06,0.9031324,2.50E-06,-0.000506569,300,0.58245738,300,0.69222195,300,0.78666339,300,0.8102443,300,0.82609268,300,0.36577285,300,0.47282568,300,0.7231299,300,0.74011838,300,0.75159976,300,0.7602011,300,0.76708525,300,0.77286799,300,0.77791452,300,0.78245983,300,0.79064086,300,0.79447792,300,0.79824027,300,0.81416938,300,0.81809973,300,0.82206554,300,0.83020396,300,0.88306745,300,0.88724451,300,0.89132928,300,0.89533268,300,0.89926422,300,0.9031324,300
-0.000504592,-1.52E-17,0.58222256,1.00E-08,0.69026919,1.00E-07,0.77538957,1.00E-06,0.80691079,1.40E-06,0.8226164,1.80E-06,0.36577085,1.00E-10,0.47280121,1.00E-09,0.7196081,2.00E-07,0.73522935,3.00E-07,0.74549084,4.00E-07,0.75299242,5.00E-07,0.75888137,6.00E-07,0.76376417,7.00E-07,0.76800075,8.00E-07,0.77978129,9.00E-07,0.77881642,1.10E-06,0.78219044,1.20E-06,0.78557932,1.30E-06,0.81076771,1.50E-06,0.81465108,1.60E-06,0.81859179,1.70E-06,0.82674852,1.90E-06,0.87997628,2.00E-06,0.88414534,2.10E-06,0.88823249,2.20E-06,0.89224854,2.30E-06,0.89620292,2.40E-06,0.90010405,2.50E-06,-0.000504592,300,0.58222256,300,0.69026919,300,0.77538957,300,0.80691079,300,0.8226164,300,0.36577085,300,0.47280121,300,0.7196081,300,0.73522935,300,0.74549084,300,0.75299242,300,0.75888137,300,0.76376417,300,0.76800075,300,0.77978129,300,0.77881642,300,0.78219044,300,0.78557932,300,0.81076771,300,0.81465108,300,0.81859179,300,0.82674852,300,0.87997628,300,0.88414534,300,0.88823249,300,0.89224854,300,0.89620292,300,0.90010405,300
-0.00050223,2.06E-18,0.58194091,1.00E-08,0.68793138,1.00E-07,0.76208358,1.00E-06,0.80293629,1.40E-06,0.81850437,1.80E-06,0.36576813,1.00E-10,0.47277186,1.00E-09,0.71539571,2.00E-07,0.72938634,3.00E-07,0.73819566,4.00E-07,0.74439201,5.00E-07,0.74910552,6.00E-07,0.75293329,7.00E-07,0.75623057,8.00E-07,0.77657568,9.00E-07,0.76491619,1.10E-06,0.76781514,1.20E-06,0.77085154,1.30E-06,0.806718,1.50E-06,0.8105528,1.60E-06,0.81447242,1.70E-06,0.82267322,1.90E-06,0.87624631,2.00E-06,0.88040442,2.10E-06,0.88449336,2.20E-06,0.88852388,2.30E-06,0.89250535,2.40E-06,0.89644618,2.50E-06,-0.00050223,300,0.58194091,300,0.68793138,300,0.76208358,300,0.80293629,300,0.81850437,300,0.36576813,300,0.47277186,300,0.71539571,300,0.72938634,300,0.73819566,300,0.74439201,300,0.74910552,300,0.75293329,300,0.75623057,300,0.77657568,300,0.76491619,300,0.76781514,300,0.77085154,300,0.806718,300,0.8105528,300,0.81447242,300,0.82267322,300,0.87624631,300,0.88040442,300,0.88449336,300,0.88852388,300,0.89250535,300,0.89644618,300
-0.000499469,-2.83E-18,0.58160995,1.00E-08,0.68518913,1.00E-07,0.74681945,1.00E-06,0.79820777,1.40E-06,0.81366199,1.80E-06,0.3657649,1.00E-10,0.47273735,1.00E-09,0.71046284,2.00E-07,0.7225518,3.00E-07,0.72967317,4.00E-07,0.73436028,5.00E-07,0.73772554,6.00E-07,0.74035755,7.00E-07,0.74260841,8.00E-07,0.77274248,9.00E-07,0.74906207,1.10E-06,0.75152981,1.20E-06,0.7542964,1.30E-06,0.80190941,1.50E-06,0.80569778,1.60E-06,0.80960575,1.70E-06,0.81789215,1.90E-06,0.8717517,2.00E-06,0.87589674,2.10E-06,0.87998855,2.20E-06,0.88403789,2.30E-06,0.88805421,2.40E-06,0.89204602,2.50E-06,-0.000499469,300,0.58160995,300,0.68518913,300,0.74681945,300,0.79820777,300,0.81366199,300,0.3657649,300,0.47273735,300,0.71046284,300,0.7225518,300,0.72967317,300,0.73436028,300,0.73772554,300,0.74035755,300,0.74260841,300,0.77274248,300,0.74906207,300,0.75152981,300,0.7542964,300,0.80190941,300,0.80569778,300,0.80960575,300,0.81789215,300,0.8717517,300,0.87589674,300,0.87998855,300,0.88403789,300,0.88805421,300,0.89204602,300
-0.000496722,-2.75E-17,0.58127915,1.00E-08,0.68245397,1.00E-07,0.73201334,1.00E-06,0.79259855,1.40E-06,0.80799279,1.80E-06,0.36576166,1.00E-10,0.47270284,1.00E-09,0.70554971,2.00E-07,0.71575366,3.00E-07,0.72120949,4.00E-07,0.72441822,5.00E-07,0.72647741,6.00E-07,0.72796975,7.00E-07,0.7292464,8.00E-07,0.76816398,9.00E-07,0.73379102,1.10E-06,0.73596391,1.20E-06,0.73859266,1.30E-06,0.79621969,1.50E-06,0.79997033,1.60E-06,0.80388472,1.70E-06,0.81232116,1.90E-06,0.86635022,2.00E-06,0.87048302,2.10E-06,0.87458303,2.20E-06,0.87866123,2.30E-06,0.8827273,2.40E-06,0.88679005,2.50E-06,-0.000496722,300,0.58127915,300,0.68245397,300,0.73201334,300,0.79259855,300,0.80799279,300,0.36576166,300,0.47270284,300,0.70554971,300,0.71575366,300,0.72120949,300,0.72441822,300,0.72647741,300,0.72796975,300,0.7292464,300,0.76816398,300,0.73379102,300,0.73596391,300,0.73859266,300,0.79621969,300,0.79997033,300,0.80388472,300,0.81232116,300,0.86635022,300,0.87048302,300,0.87458303,300,0.87866123,300,0.8827273,300,0.88679005,300
-0.000493991,7.63E-18,0.58094853,1.00E-08,0.67972598,1.00E-07,0.71771173,1.00E-06,0.78597051,1.40E-06,0.8014047,1.80E-06,0.36575842,1.00E-10,0.47266834,1.00E-09,0.70065705,2.00E-07,0.70899452,3.00E-07,0.7128108,4.00E-07,0.71457747,5.00E-07,0.71538004,6.00E-07,0.71579717,7.00E-07,0.7161806,8.00E-07,0.76270348,9.00E-07,0.719138,1.10E-06,0.72110177,1.20E-06,0.72357205,1.30E-06,0.78951871,1.50E-06,0.79325089,1.60E-06,0.79720267,1.70E-06,0.80588309,1.90E-06,0.85988871,2.00E-06,0.86401716,2.10E-06,0.86813982,2.20E-06,0.87226815,2.30E-06,0.8764124,2.40E-06,0.88058201,2.50E-06,-0.000493991,300,0.58094853,300,0.67972598,300,0.71771173,300,0.78597051,300,0.8014047,300,0.36575842,300,0.47266834,300,0.70065705,300,0.70899452,300,0.7128108,300,0.71457747,300,0.71538004,300,0.71579717,300,0.7161806,300,0.76270348,300,0.719138,300,0.72110177,300,0.72357205,300,0.78951871,300,0.79325089,300,0.79720267,300,0.80588309,300,0.85988871,300,0.86401716,300,0.86813982,300,0.87226815,300,0.8764124,300,0.88058201,300
-0.000491274,-1.03E-18,0.58061808,1.00E-08,0.67700524,1.00E-07,0.70392558,1.00E-06,0.77817903,1.40E-06,0.79381321,1.80E-06,0.36575519,1.00E-10,0.47263385,1.00E-09,0.69578559,2.00E-07,0.70227687,3.00E-07,0.70448285,4.00E-07,0.70484852,5.00E-07,0.70444954,6.00E-07,0.70386213,7.00E-07,0.7034382,8.00E-07,0.75620425,9.00E-07,0.70504948,1.10E-06,0.70668892,1.20E-06,0.70842399,1.30E-06,0.7816748,1.50E-06,0.78542331,1.60E-06,0.78946012,1.70E-06,0.79850103,1.90E-06,0.85221543,2.00E-06,0.85636173,2.10E-06,0.86053888,2.20E-06,0.8647593,2.30E-06,0.86903431,2.40E-06,0.87337449,2.50E-06,-0.000491274,300,0.58061808,300,0.67700524,300,0.70392558,300,0.77817903,300,0.79381321,300,0.36575519,300,0.47263385,300,0.69578559,300,0.70227687,300,0.70448285,300,0.70484852,300,0.70444954,300,0.70386213,300,0.7034382,300,0.75620425,300,0.70504948,300,0.70668892,300,0.70842399,300,0.7816748,300,0.78542331,300,0.78946012,300,0.79850103,300,0.85221543,300,0.85636173,300,0.86053888,300,0.8647593,300,0.86903431,300,0.87337449,300
-0.000488822,5.49E-18,0.58031832,1.00E-08,0.67454303,1.00E-07,0.69180636,1.00E-06,0.76908118,1.40E-06,0.78511184,1.80E-06,0.36575225,1.00E-10,0.47260254,1.00E-09,0.69138222,2.00E-07,0.69621595,3.00E-07,0.69698712,4.00E-07,0.69611901,5.00E-07,0.69467992,6.00E-07,0.69324416,7.00E-07,0.69216112,8.00E-07,0.74848957,9.00E-07,0.69253162,1.10E-06,0.69328073,1.20E-06,0.69252691,1.30E-06,0.77256316,1.50E-06,0.77638024,1.60E-06,0.78056011,1.70E-06,0.79001447,1.90E-06,0.84320295,2.00E-06,0.84741544,2.10E-06,0.85170961,2.20E-06,0.85609958,2.30E-06,0.86059839,2.40E-06,0.86521844,2.50E-06,-0.000488822,300,0.58031832,300,0.67454303,300,0.69180636,300,0.76908118,300,0.78511184,300,0.36575225,300,0.47260254,300,0.69138222,300,0.69621595,300,0.69698712,300,0.69611901,300,0.69467992,300,0.69324416,300,0.69216112,300,0.74848957,300,0.69253162,300,0.69328073,300,0.69252691,300,0.77256316,300,0.77638024,300,0.78056011,300,0.79001447,300,0.84320295,300,0.84741544,300,0.85170961,300,0.85609958,300,0.86059839,300,0.86521844,300
-,-,-,-,-,-,-,-,0.75854377,1.40E-06,0.77495423,1.80E-06,-,-,-,-,-,-,-,-,-,-,-,-,-,-,-,-,-,-,0.73936501,9.00E-07,-,-,-,-,-,-,0.76206509,1.50E-06,0.76599734,1.60E-06,0.77032227,1.70E-06,0.7796891,1.90E-06,0.83278519,2.00E-06,0.83715604,2.10E-06,0.84167973,2.20E-06,0.84637262,2.30E-06,0.85124991,2.40E-06,0.85632574,2.50E-06,-,-,-,-,-,-,-,-,0.75854377,300,0.77495423,300,-,-,-,-,-,-,-,-,-,-,-,-,-,-,-,-,-,-,0.73936501,300,-,-,-,-,-,-,0.76206509,300,0.76599734,300,0.77032227,300,0.7796891,300,0.83278519,300,0.83715604,300,0.84167973,300,0.84637262,300,0.85124991,300,0.85632574,300
-,-,-,-,-,-,-,-,0.74642638,1.40E-06,0.76153756,1.80E-06,-,-,-,-,-,-,-,-,-,-,-,-,-,-,-,-,-,-,0.72862379,9.00E-07,-,-,-,-,-,-,0.74999133,1.50E-06,0.7539123,1.60E-06,0.75793979,1.70E-06,0.76368143,1.90E-06,0.82100749,2.00E-06,0.82569269,2.10E-06,0.83880493,2.20E-06,0.83582034,2.30E-06,0.84862708,2.40E-06,0.85386453,2.50E-06,-,-,-,-,-,-,-,-,0.74642638,300,0.76153756,300,-,-,-,-,-,-,-,-,-,-,-,-,-,-,-,-,-,-,0.72862379,300,-,-,-,-,-,-,0.74999133,300,0.7539123,300,0.75793979,300,0.76368143,300,0.82100749,300,0.82569269,300,0.83880493,300,0.83582034,300,0.84862708,300,0.85386453,300
-,-,-,-,-,-,-,-,0.7323894,1.40E-06,0.73554467,1.80E-06,-,-,-,-,-,-,-,-,-,-,-,-,-,-,-,-,-,-,0.71605632,9.00E-07,-,-,-,-,-,-,0.73554878,1.50E-06,0.73821264,1.60E-06,0.73902945,1.70E-06,0.72391912,1.90E-06,0.80803737,2.00E-06,0.8132215,2.10E-06,0.83544774,2.20E-06,0.82447762,2.30E-06,0.8455964,2.40E-06,0.85103755,2.50E-06,-,-,-,-,-,-,-,-,0.7323894,300,0.73554467,300,-,-,-,-,-,-,-,-,-,-,-,-,-,-,-,-,-,-,0.71605632,300,-,-,-,-,-,-,0.73554878,300,0.73821264,300,0.73902945,300,0.72391912,300,0.80803737,300,0.8132215,300,0.83544774,300,0.82447762,300,0.8455964,300,0.85103755,300
-,-,-,-,-,-,-,-,0.71636475,1.40E-06,0.66913047,1.80E-06,-,-,-,-,-,-,-,-,-,-,-,-,-,-,-,-,-,-,0.70272396,9.00E-07,-,-,-,-,-,-,0.71656164,1.50E-06,0.71218622,1.60E-06,0.69843038,1.70E-06,0.61957554,1.90E-06,0.79355606,2.00E-06,0.79873817,2.10E-06,0.8315548,2.20E-06,0.80736983,2.30E-06,0.84212076,2.40E-06,0.84780952,2.50E-06,-,-,-,-,-,-,-,-,0.71636475,300,0.66913047,300,-,-,-,-,-,-,-,-,-,-,-,-,-,-,-,-,-,-,0.70272396,300,-,-,-,-,-,-,0.71656164,300,0.71218622,300,0.69843038,300,0.61957554,300,0.79355606,300,0.79873817,300,0.8315548,300,0.80736983,300,0.84212076,300,0.84780952,300
-,-,-,-,-,-,-,-,0.69539128,1.40E-06,0.53689942,1.80E-06,-,-,-,-,-,-,-,-,-,-,-,-,-,-,-,-,-,-,0.69149724,9.00E-07,-,-,-,-,-,-,0.68456685,1.50E-06,0.6583377,1.60E-06,0.60946915,1.70E-06,0.4495104,1.90E-06,0.77291488,2.00E-06,0.79400823,2.10E-06,0.82707493,2.20E-06,0.74860246,2.30E-06,0.83814686,2.40E-06,0.84410154,2.50E-06,-,-,-,-,-,-,-,-,0.69539128,300,0.53689942,300,-,-,-,-,-,-,-,-,-,-,-,-,-,-,-,-,-,-,0.69149724,300,-,-,-,-,-,-,0.68456685,300,0.6583377,300,0.60946915,300,0.4495104,300,0.77291488,300,0.79400823,300,0.82707493,300,0.74860246,300,0.83814686,300,0.84410154,300
-,-,-,-,-,-,-,-,0.6863625,1.40E-06,0.47814625,1.80E-06,-,-,-,-,-,-,-,-,-,-,-,-,-,-,-,-,-,-,-,-,-,-,-,-,-,-,0.66879117,1.50E-06,0.63054182,1.60E-06,0.56544956,1.70E-06,0.38515255,1.90E-06,0.72019428,2.00E-06,0.78698272,2.10E-06,0.8219423,2.20E-06,0.58186884,2.30E-06,0.83351719,2.40E-06,0.8396213,2.50E-06,-,-,-,-,-,-,-,-,0.6863625,300,0.47814625,300,-,-,-,-,-,-,-,-,-,-,-,-,-,-,-,-,-,-,-,-,-,-,-,-,-,-,0.66879117,300,0.63054182,300,0.56544956,300,0.38515255,300,0.72019428,300,0.78698272,300,0.8219423,300,0.58186884,300,0.83351719,300,0.8396213,300
-,-,-,-,-,-,-,-,-,-,-,-,-,-,-,-,-,-,-,-,-,-,-,-,-,-,-,-,-,-,-,-,-,-,-,-,-,-,-,-,-,-,-,-,-,-,0.58968928,2.00E-06,0.77502728,2.10E-06,0.81597786,2.20E-06,0.36059207,2.30E-06,0.82758862,2.40E-06,0.8331697,2.50E-06,-,-,-,-,-,-,-,-,-,-,-,-,-,-,-,-,-,-,-,-,-,-,-,-,-,-,-,-,-,-,-,-,-,-,-,-,-,-,-,-,-,-,-,-,-,-,0.58968928,300,0.77502728,300,0.81597786,300,0.36059207,300,0.82758862,300,0.8331697,300
-,-,-,-,-,-,-,-,-,-,-,-,-,-,-,-,-,-,-,-,-,-,-,-,-,-,-,-,-,-,-,-,-,-,-,-,-,-,-,-,-,-,-,-,-,-,0.40156655,2.00E-06,0.75159038,2.10E-06,0.80842674,2.20E-06,0.22106317,2.30E-06,0.81763954,2.40E-06,0.81988417,2.50E-06,-,-,-,-,-,-,-,-,-,-,-,-,-,-,-,-,-,-,-,-,-,-,-,-,-,-,-,-,-,-,-,-,-,-,-,-,-,-,-,-,-,-,-,-,-,-,0.40156655,300,0.75159038,300,0.80842674,300,0.22106317,300,0.81763954,300,0.81988417,300
-,-,-,-,-,-,-,-,-,-,-,-,-,-,-,-,-,-,-,-,-,-,-,-,-,-,-,-,-,-,-,-,-,-,-,-,-,-,-,-,-,-,-,-,-,-,0.30651849,2.00E-06,0.7017291,2.10E-06,0.79590157,2.20E-06,0.18127466,2.30E-06,0.79268922,2.40E-06,0.78173708,2.50E-06,-,-,-,-,-,-,-,-,-,-,-,-,-,-,-,-,-,-,-,-,-,-,-,-,-,-,-,-,-,-,-,-,-,-,-,-,-,-,-,-,-,-,-,-,-,-,0.30651849,300,0.7017291,300,0.79590157,300,0.18127466,300,0.79268922,300,0.78173708,300
-,-,-,-,-,-,-,-,-,-,-,-,-,-,-,-,-,-,-,-,-,-,-,-,-,-,-,-,-,-,-,-,-,-,-,-,-,-,-,-,-,-,-,-,-,-,-,-,0.60135272,2.10E-06,0.76419094,2.20E-06,-,-,0.71743474,2.40E-06,0.67252752,2.50E-06,-,-,-,-,-,-,-,-,-,-,-,-,-,-,-,-,-,-,-,-,-,-,-,-,-,-,-,-,-,-,-,-,-,-,-,-,-,-,-,-,-,-,-,-,-,-,-,-,0.60135272,300,0.76419094,300,-,-,0.71743474,300,0.67252752,300
-,-,-,-,-,-,-,-,-,-,-,-,-,-,-,-,-,-,-,-,-,-,-,-,-,-,-,-,-,-,-,-,-,-,-,-,-,-,-,-,-,-,-,-,-,-,-,-,0.44363445,2.10E-06,0.66994093,2.20E-06,-,-,0.54223946,2.40E-06,0.46507667,2.50E-06,-,-,-,-,-,-,-,-,-,-,-,-,-,-,-,-,-,-,-,-,-,-,-,-,-,-,-,-,-,-,-,-,-,-,-,-,-,-,-,-,-,-,-,-,-,-,-,-,0.44363445,300,0.66994093,300,-,-,0.54223946,300,0.46507667,300
-,-,-,-,-,-,-,-,-,-,-,-,-,-,-,-,-,-,-,-,-,-,-,-,-,-,-,-,-,-,-,-,-,-,-,-,-,-,-,-,-,-,-,-,-,-,-,-,0.28446254,2.10E-06,0.4728846,2.20E-06,-,-,0.321932,2.40E-06,0.26645304,2.50E-06,-,-,-,-,-,-,-,-,-,-,-,-,-,-,-,-,-,-,-,-,-,-,-,-,-,-,-,-,-,-,-,-,-,-,-,-,-,-,-,-,-,-,-,-,-,-,-,-,0.28446254,300,0.4728846,300,-,-,0.321932,300,0.26645304,300
-,-,-,-,-,-,-,-,-,-,-,-,-,-,-,-,-,-,-,-,-,-,-,-,-,-,-,-,-,-,-,-,-,-,-,-,-,-,-,-,-,-,-,-,-,-,-,-,0.23443915,2.10E-06,0.28614978,2.20E-06,-,-,0.20147397,2.40E-06,0.17684568,2.50E-06,-,-,-,-,-,-,-,-,-,-,-,-,-,-,-,-,-,-,-,-,-,-,-,-,-,-,-,-,-,-,-,-,-,-,-,-,-,-,-,-,-,-,-,-,-,-,-,-,0.23443915,300,0.28614978,300,-,-,0.20147397,300,0.17684568,300
-,-,-,-,-,-,-,-,-,-,-,-,-,-,-,-,-,-,-,-,-,-,-,-,-,-,-,-,-,-,-,-,-,-,-,-,-,-,-,-,-,-,-,-,-,-,-,-,-,-,0.20680053,2.20E-06,-,-,0.15917771,2.40E-06,0.14429861,2.50E-06,-,-,-,-,-,-,-,-,-,-,-,-,-,-,-,-,-,-,-,-,-,-,-,-,-,-,-,-,-,-,-,-,-,-,-,-,-,-,-,-,-,-,-,-,-,-,-,-,-,-,0.20680053,300,-,-,0.15917771,300,0.14429861,300
-0.000488822,6.15086E-17,0.58357879,0.00000001,0.70167322,0.0000001,0.84218897,0.000001,0.86723981,0.0000014,0.88731189,0.0000018,0.36577285,1E-10,0.47293077,0.000000001,0.74028359,0.0000002,0.76398791,0.0000003,0.78145668,0.0000004,0.79545426,0.0000005,0.80722718,0.0000006,0.81744726,0.0000007,0.82651917,0.0000008,0.83470606,0.0000009,0.8490979,0.0000011,0.85552949,0.0000012,0.86155756,0.0000013,0.87262226,0.0000015,0.87774219,0.0000016,0.88263023,0.0000017,0.89180865,0.0000019,0.89614202,0.000002,0.90032105,0.0000021,0.90436255,0.0000022,0.90827828,0.0000023,0.91207851,0.0000024,0.91577233,0.0000025,-0.000488822,300,0.58357879,300,0.70167322,300,0.84218897,300,0.86723981,300,0.88731189,300,0.36577285,300,0.47293077,300,0.74028359,300,0.76398791,300,0.78145668,300,0.79545426,300,0.80722718,300,0.81744726,300,0.82651917,300,0.83470606,300,0.8490979,300,0.85552949,300,0.86155756,300,0.87262226,300,0.87774219,300,0.88263023,300,0.89180865,300,0.89614202,300,0.90032105,300,0.90436255,300,0.90827828,300,0.91207851,300,0.91577233,300
